Order_ID,Order_Date,Branch,Category,Product,Sales_Channel,Customer_Type,Salesperson,Quantity,Unit_Price,Discount_Pct,Discount_Amount,Net_Revenue,Cost,Profit,Returned,Delivery_Days,Month
52,2025-01-01,Tanta,Accessories,Mouse,Store,Returning,Salesperson_02,2,900,4.69,84.39,1715.61,1000,715.61,0,2,2025-01
422,2025-01-01,Alexandria,Accessories,Mouse,Website,Returning,Salesperson_06,4,900,12.64,455.04,3144.96,2000,1144.96,0,4,2025-01
656,2025-01-01,Alexandria,Accessories,Webcam,Store,Returning,Salesperson_04,4,2500,13.4,1340.41,8659.59,6400,2259.59,0,1,2025-01
829,2025-01-01,Mansoura,Computers,Monitor,Store,New,Salesperson_04,1,8500,0.72,61.06,8438.94,6200,2238.94,0,4,2025-01
843,2025-01-01,Cairo,Printers,Printer,Website,New,Salesperson_02,1,7500,18.37,1377.78,6122.22,5600,522.22,0,3,2025-01
972,2025-01-02,Cairo,Components,SSD,Website,New,Salesperson_08,3,3200,16.84,1616.34,7983.66,6600,1383.66,0,4,2025-01
107,2025-01-03,Mansoura,Computers,Monitor,Store,Returning,Salesperson_03,2,8500,4.64,788.73,16211.27,12400,3811.27,0,3,2025-01
267,2025-01-03,Cairo,Accessories,Keyboard,Store,New,Salesperson_03,3,1800,8.78,474.28,4925.72,3300,1625.72,0,3,2025-01
663,2025-01-03,Cairo,Computers,Laptop,Store,Returning,Salesperson_03,3,28000,0.08,69.39,83930.61,69000,14930.61,0,2,2025-01
1332,2025-01-03,Cairo,Accessories,Mouse,Store,New,Salesperson_09,1,900,12.09,108.85,791.15,500,291.15,0,1,2025-01
1368,2025-01-03,Cairo,Computers,Monitor,Website,Returning,Salesperson_10,5,8500,15.44,6562.57,35937.43,31000,4937.43,0,1,2025-01
1426,2025-01-03,Cairo,Accessories,Keyboard,Store,Returning,Salesperson_15,3,1800,8.19,442.37,4957.63,3300,1657.63,0,5,2025-01
101,2025-01-04,Mansoura,Accessories,Keyboard,Website,Corporate,Salesperson_07,2,1800,13.83,497.85,3102.15,2200,902.15,0,5,2025-01
263,2025-01-04,Tanta,Accessories,Webcam,Website,Corporate,Salesperson_10,2,2500,8.46,422.97,4577.03,3200,1377.03,0,1,2025-01
727,2025-01-04,Ismailia,Printers,Printer,Website,Returning,Salesperson_09,1,7500,9.51,713.25,6786.75,5600,1186.75,0,6,2025-01
891,2025-01-04,Mansoura,Accessories,Keyboard,Store,Returning,Salesperson_09,2,1800,17.48,629.18,2970.82,2200,770.82,0,4,2025-01
965,2025-01-04,Tanta,Components,SSD,Website,Returning,Salesperson_03,2,3200,7.95,509.02,5890.98,4400,1490.98,0,2,2025-01
1174,2025-01-04,Alexandria,Printers,Printer,Store,New,Salesperson_12,2,7500,12.11,1816.24,13183.76,11200,1983.76,0,1,2025-01
43,2025-01-05,Alexandria,Computers,Monitor,Website,Corporate,Salesperson_12,3,8500,14.66,3738.18,21761.82,18600,3161.82,0,2,2025-01
106,2025-01-05,Cairo,Accessories,Webcam,Phone,Corporate,Salesperson_08,5,2500,13.01,1625.8,10874.2,8000,2874.2,0,2,2025-01
154,2025-01-05,Cairo,Accessories,Headset,Store,Returning,Salesperson_12,2,2200,9.51,418.61,3981.39,2600,1381.39,0,1,2025-01
157,2025-01-05,Mansoura,Printers,Printer,Store,Returning,Salesperson_05,1,7500,11.25,843.99,6656.01,5600,1056.01,0,1,2025-01
326,2025-01-05,Ismailia,Components,SSD,Website,New,Salesperson_02,1,3200,16.41,525.01,2674.99,2200,474.99,0,3,2025-01
527,2025-01-05,Alexandria,Accessories,Headset,Store,Returning,Salesperson_13,2,2200,6.24,274.71,4125.29,2600,1525.29,0,2,2025-01
796,2025-01-05,Cairo,Computers,Monitor,Store,New,Salesperson_02,1,8500,0.0,0.0,8500.0,6200,2300.0,0,4,2025-01
998,2025-01-05,Alexandria,Printers,Printer,Website,Corporate,Salesperson_08,3,7500,9.51,2138.88,20361.12,16800,3561.12,0,1,2025-01
66,2025-01-06,Alexandria,Accessories,Webcam,Phone,Returning,Salesperson_15,1,2500,10.0,250.09,2249.91,1600,649.91,0,1,2025-01
592,2025-01-06,Ismailia,Accessories,Mouse,Store,New,Salesperson_12,1,900,2.64,23.76,876.24,500,376.24,0,3,2025-01
193,2025-01-07,Cairo,Computers,Monitor,Website,Returning,Salesperson_05,1,8500,10.97,932.14,7567.86,6200,1367.86,0,5,2025-01
1365,2025-01-07,Mansoura,Computers,Monitor,Phone,Corporate,Salesperson_14,1,8500,11.95,1016.1,7483.9,6200,1283.9,0,1,2025-01
1407,2025-01-07,Ismailia,Printers,Printer,Website,New,Salesperson_11,2,7500,15.31,2296.16,12703.84,11200,1503.84,0,2,2025-01
223,2025-01-08,Tanta,Computers,Laptop,Website,Returning,Salesperson_04,1,28000,7.99,2237.77,25762.23,23000,2762.23,0,4,2025-01
384,2025-01-08,Tanta,Computers,Laptop,Website,New,Salesperson_14,3,28000,0.0,0.0,84000.0,69000,15000.0,0,2,2025-01
413,2025-01-08,Alexandria,Printers,Printer,Website,New,Salesperson_15,2,7500,8.68,1302.42,13697.58,11200,2497.58,0,3,2025-01
674,2025-01-09,Tanta,Computers,Laptop,Phone,New,Salesperson_07,2,28000,11.22,6285.25,49714.75,46000,3714.75,0,2,2025-01
798,2025-01-09,Alexandria,Computers,Laptop,Phone,New,Salesperson_06,4,28000,7.57,8475.54,103524.46,92000,11524.46,0,4,2025-01
1112,2025-01-09,Mansoura,Accessories,Headset,Website,Returning,Salesperson_03,3,2200,8.96,591.46,6008.54,3900,2108.54,0,2,2025-01
1317,2025-01-09,Tanta,Accessories,Keyboard,Website,New,Salesperson_15,2,1800,5.2,187.28,3412.72,2200,1212.72,0,1,2025-01
436,2025-01-10,Alexandria,Computers,Monitor,Store,New,Salesperson_15,3,8500,12.27,3129.75,22370.25,18600,3770.25,0,3,2025-01
607,2025-01-10,Ismailia,Accessories,Keyboard,Website,Corporate,Salesperson_14,1,1800,13.27,238.84,1561.16,1100,461.16,0,3,2025-01
381,2025-01-11,Mansoura,Accessories,Webcam,Store,New,Salesperson_11,1,2500,7.37,184.17,2315.83,1600,715.83,0,2,2025-01
1209,2025-01-11,Cairo,Printers,Printer,Store,New,Salesperson_01,2,7500,13.11,1967.08,13032.92,11200,1832.92,0,4,2025-01
160,2025-01-12,Tanta,Computers,Laptop,Phone,New,Salesperson_04,3,28000,9.07,7618.44,76381.56,69000,7381.56,0,3,2025-01
238,2025-01-12,Tanta,Accessories,Webcam,Website,New,Salesperson_14,2,2500,1.8,90.04,4909.96,3200,1709.96,0,2,2025-01
392,2025-01-12,Cairo,Components,SSD,Phone,Returning,Salesperson_06,1,3200,13.23,423.51,2776.49,2200,576.49,0,3,2025-01
625,2025-01-12,Ismailia,Computers,Monitor,Website,New,Salesperson_02,1,8500,14.89,1265.95,7234.05,6200,1034.05,0,3,2025-01
912,2025-01-12,Ismailia,Accessories,Webcam,Store,New,Salesperson_15,1,2500,5.37,134.35,2365.65,1600,765.65,0,2,2025-01
1189,2025-01-12,Cairo,Accessories,Headset,Phone,New,Salesperson_09,1,2200,4.66,102.49,2097.51,1300,797.51,0,4,2025-01
1229,2025-01-12,Cairo,Computers,Monitor,Store,Returning,Salesperson_02,2,8500,15.19,2581.79,14418.21,12400,2018.21,0,3,2025-01
39,2025-01-13,Mansoura,Computers,Monitor,Store,Returning,Salesperson_04,2,8500,1.82,309.4,16690.6,12400,4290.6,0,1,2025-01
63,2025-01-13,Ismailia,Accessories,Headset,Website,Returning,Salesperson_03,1,2200,19.0,417.94,1782.06,1300,482.06,0,4,2025-01
69,2025-01-13,Mansoura,Computers,Laptop,Store,New,Salesperson_15,1,28000,17.56,4916.66,23083.34,23000,83.34,0,1,2025-01
255,2025-01-13,Alexandria,Printers,Printer,Phone,New,Salesperson_13,2,7500,12.16,1823.47,13176.53,11200,1976.53,0,2,2025-01
258,2025-01-13,Alexandria,Accessories,Keyboard,Store,New,Salesperson_06,1,1800,0.0,0.0,1800.0,1100,700.0,0,2,2025-01
576,2025-01-13,Cairo,Accessories,Mouse,Store,Returning,Salesperson_12,3,900,4.22,113.85,0.0,1500,0.0,1,3,2025-01
907,2025-01-13,Cairo,Accessories,Webcam,Website,New,Salesperson_12,1,2500,20.45,511.13,1988.87,1600,388.87,0,2,2025-01
986,2025-01-13,Mansoura,Accessories,Headset,Phone,Returning,Salesperson_14,1,2200,0.0,0.0,2200.0,1300,900.0,0,1,2025-01
1032,2025-01-13,Cairo,Printers,Printer,Store,Returning,Salesperson_09,1,7500,14.49,1086.93,6413.07,5600,813.07,0,3,2025-01
161,2025-01-14,Cairo,Accessories,Keyboard,Store,Returning,Salesperson_06,1,1800,10.7,192.64,1607.36,1100,507.36,0,3,2025-01
332,2025-01-14,Cairo,Accessories,Keyboard,Website,Returning,Salesperson_03,1,1800,19.85,357.31,1442.69,1100,342.69,0,3,2025-01
778,2025-01-14,Cairo,Printers,Printer,Store,Returning,Salesperson_02,1,7500,7.04,527.91,6972.09,5600,1372.09,0,5,2025-01
930,2025-01-14,Ismailia,Accessories,Keyboard,Website,New,Salesperson_07,4,1800,5.44,391.77,6808.23,4400,2408.23,0,2,2025-01
10,2025-01-15,Cairo,Accessories,Keyboard,Store,Corporate,Salesperson_15,1,1800,21.68,390.19,1409.81,1100,309.81,0,4,2025-01
74,2025-01-15,Tanta,Accessories,Mouse,Website,Returning,Salesperson_04,5,900,12.81,576.57,3923.43,2500,1423.43,0,4,2025-01
588,2025-01-15,Cairo,Accessories,Keyboard,Website,Returning,Salesperson_08,1,1800,14.74,265.36,1534.64,1100,434.64,0,3,2025-01
838,2025-01-15,Cairo,Accessories,Mouse,Website,New,Salesperson_10,1,900,7.02,63.2,836.8,500,336.8,0,4,2025-01
1105,2025-01-15,Ismailia,Accessories,Mouse,Store,New,Salesperson_05,1,900,13.71,123.37,776.63,500,276.63,0,2,2025-01
1271,2025-01-15,Alexandria,Accessories,Keyboard,Store,New,Salesperson_07,2,1800,13.09,471.23,3128.77,2200,928.77,0,3,2025-01
1291,2025-01-15,Ismailia,Accessories,Headset,Website,Returning,Salesperson_10,2,2200,10.92,480.35,3919.65,2600,1319.65,0,4,2025-01
214,2025-01-16,Cairo,Printers,Printer,Store,Returning,Salesperson_03,5,7500,10.78,4042.58,0.0,28000,0.0,1,5,2025-01
1041,2025-01-16,Tanta,Accessories,Mouse,Phone,Returning,Salesperson_03,1,900,7.62,68.62,831.38,500,331.38,0,4,2025-01
1109,2025-01-16,Cairo,Computers,Laptop,Website,Returning,Salesperson_08,1,28000,12.8,3582.75,24417.25,23000,1417.25,0,6,2025-01
1198,2025-01-16,Cairo,Accessories,Mouse,Phone,New,Salesperson_02,1,900,16.28,146.56,753.44,500,253.44,0,3,2025-01
1442,2025-01-16,Ismailia,Computers,Laptop,Store,New,Salesperson_01,1,28000,8.69,2433.27,25566.73,23000,2566.73,0,6,2025-01
196,2025-01-17,Ismailia,Computers,Monitor,Phone,New,Salesperson_03,1,8500,3.5,297.74,8202.26,6200,2002.26,0,3,2025-01
313,2025-01-17,Cairo,Accessories,Keyboard,Phone,New,Salesperson_13,2,1800,9.3,334.85,3265.15,2200,1065.15,0,2,2025-01
523,2025-01-17,Cairo,Printers,Printer,Website,New,Salesperson_03,2,7500,11.1,1665.37,13334.63,11200,2134.63,0,5,2025-01
582,2025-01-17,Tanta,Components,SSD,Website,Returning,Salesperson_01,2,3200,10.38,664.23,5735.77,4400,1335.77,0,2,2025-01
706,2025-01-17,Alexandria,Computers,Monitor,Website,Returning,Salesperson_05,2,8500,8.81,1498.25,15501.75,12400,3101.75,0,3,2025-01
925,2025-01-17,Ismailia,Computers,Laptop,Website,New,Salesperson_10,1,28000,10.88,3046.36,24953.64,23000,1953.64,0,2,2025-01
178,2025-01-18,Ismailia,Computers,Monitor,Phone,Returning,Salesperson_12,2,8500,12.5,2124.86,14875.14,12400,2475.14,0,1,2025-01
487,2025-01-18,Cairo,Computers,Laptop,Phone,New,Salesperson_11,1,28000,16.8,4704.44,0.0,23000,0.0,1,3,2025-01
943,2025-01-18,Ismailia,Accessories,Keyboard,Store,New,Salesperson_04,1,1800,10.92,196.49,1603.51,1100,503.51,0,4,2025-01
1097,2025-01-18,Mansoura,Computers,Laptop,Phone,Returning,Salesperson_14,2,28000,11.84,6629.15,49370.85,46000,3370.85,0,1,2025-01
1223,2025-01-18,Mansoura,Accessories,Headset,Website,New,Salesperson_13,2,2200,2.78,122.38,4277.62,2600,1677.62,0,1,2025-01
1376,2025-01-18,Cairo,Accessories,Keyboard,Website,New,Salesperson_14,1,1800,9.42,169.57,1630.43,1100,530.43,0,2,2025-01
1380,2025-01-18,Alexandria,Computers,Monitor,Store,New,Salesperson_09,1,8500,11.63,988.31,7511.69,6200,1311.69,0,3,2025-01
1450,2025-01-18,Cairo,Accessories,Mouse,Website,New,Salesperson_11,2,900,4.28,77.05,1722.95,1000,722.95,0,3,2025-01
958,2025-01-19,Alexandria,Accessories,Mouse,Store,Corporate,Salesperson_14,3,900,4.42,119.41,2580.59,1500,1080.59,0,3,2025-01
1006,2025-01-19,Ismailia,Accessories,Mouse,Phone,Returning,Salesperson_12,1,900,5.93,53.33,846.67,500,346.67,0,5,2025-01
1020,2025-01-19,Cairo,Accessories,Keyboard,Store,Returning,Salesperson_04,4,1800,8.65,622.54,6577.46,4400,2177.46,0,2,2025-01
1188,2025-01-19,Cairo,Accessories,Headset,Store,New,Salesperson_09,2,2200,15.93,700.94,3699.06,2600,1099.06,0,3,2025-01
1305,2025-01-19,Tanta,Accessories,Keyboard,Store,Returning,Salesperson_12,2,1800,9.15,329.51,3270.49,2200,1070.49,0,1,2025-01
1498,2025-01-19,Cairo,Computers,Laptop,Phone,Returning,Salesperson_02,1,28000,11.41,3194.31,24805.69,23000,1805.69,0,3,2025-01
28,2025-01-20,Ismailia,Accessories,Headset,Website,Corporate,Salesperson_09,1,2200,10.41,228.99,1971.01,1300,671.01,0,2,2025-01
832,2025-01-20,Tanta,Accessories,Webcam,Phone,New,Salesperson_07,2,2500,15.24,761.91,4238.09,3200,1038.09,0,1,2025-01
1040,2025-01-20,Cairo,Accessories,Headset,Website,New,Salesperson_05,4,2200,12.33,1084.61,7715.39,5200,2515.39,0,4,2025-01
759,2025-01-21,Tanta,Accessories,Mouse,Store,New,Salesperson_15,3,900,9.16,247.45,2452.55,1500,952.55,0,2,2025-01
1167,2025-01-21,Ismailia,Accessories,Webcam,Store,Corporate,Salesperson_10,1,2500,21.12,528.03,1971.97,1600,371.97,0,1,2025-01
1242,2025-01-21,Tanta,Computers,Monitor,Store,Returning,Salesperson_08,3,8500,13.82,3523.84,21976.16,18600,3376.16,0,5,2025-01
418,2025-01-22,Cairo,Accessories,Webcam,Website,Returning,Salesperson_01,1,2500,14.25,356.23,2143.77,1600,543.77,0,2,2025-01
549,2025-01-22,Alexandria,Accessories,Headset,Phone,Returning,Salesperson_02,1,2200,5.48,120.62,2079.38,1300,779.38,0,2,2025-01
550,2025-01-22,Cairo,Computers,Monitor,Store,New,Salesperson_15,1,8500,9.46,803.84,7696.16,6200,1496.16,0,1,2025-01
635,2025-01-22,Ismailia,Accessories,Mouse,Store,New,Salesperson_01,1,900,16.57,149.17,750.83,500,250.83,0,3,2025-01
857,2025-01-22,Mansoura,Computers,Monitor,Store,Returning,Salesperson_07,5,8500,1.15,490.56,42009.44,31000,11009.44,0,3,2025-01
952,2025-01-22,Tanta,Accessories,Keyboard,Phone,New,Salesperson_11,2,1800,8.07,290.65,3309.35,2200,1109.35,0,2,2025-01
1406,2025-01-23,Alexandria,Accessories,Headset,Website,Returning,Salesperson_05,3,2200,12.0,792.25,5807.75,3900,1907.75,0,4,2025-01
259,2025-01-24,Mansoura,Components,SSD,Store,New,Salesperson_12,3,3200,1.22,116.67,9483.33,6600,2883.33,0,2,2025-01
545,2025-01-24,Cairo,Printers,Printer,Website,Corporate,Salesperson_15,1,7500,11.05,829.04,6670.96,5600,1070.96,0,4,2025-01
744,2025-01-24,Ismailia,Computers,Monitor,Website,New,Salesperson_01,1,8500,4.81,408.6,8091.4,6200,1891.4,0,3,2025-01
750,2025-01-24,Alexandria,Accessories,Headset,Store,New,Salesperson_10,5,2200,8.17,898.6,10101.4,6500,3601.4,0,1,2025-01
845,2025-01-24,Tanta,Computers,Laptop,Store,Corporate,Salesperson_01,1,28000,6.67,1867.66,26132.34,23000,3132.34,0,4,2025-01
899,2025-01-24,Cairo,Accessories,Mouse,Website,Returning,Salesperson_08,3,900,17.63,475.99,2224.01,1500,724.01,0,4,2025-01
1288,2025-01-24,Cairo,Components,SSD,Phone,Returning,Salesperson_02,3,3200,7.38,708.17,8891.83,6600,2291.83,0,7,2025-01
41,2025-01-25,Ismailia,Computers,Monitor,Phone,Returning,Salesperson_15,1,8500,9.3,790.34,7709.66,6200,1509.66,0,5,2025-01
98,2025-01-25,Tanta,Accessories,Headset,Website,New,Salesperson_06,2,2200,9.91,436.21,3963.79,2600,1363.79,0,2,2025-01
163,2025-01-25,Cairo,Computers,Laptop,Website,New,Salesperson_07,2,28000,14.9,8345.72,0.0,46000,0.0,1,2,2025-01
264,2025-01-25,Mansoura,Accessories,Mouse,Store,Returning,Salesperson_01,2,900,14.32,257.8,1542.2,1000,542.2,0,1,2025-01
423,2025-01-25,Cairo,Accessories,Keyboard,Website,New,Salesperson_04,1,1800,16.61,299.06,1500.94,1100,400.94,0,4,2025-01
475,2025-01-25,Alexandria,Accessories,Headset,Website,Returning,Salesperson_10,1,2200,4.96,109.08,2090.92,1300,790.92,0,3,2025-01
1004,2025-01-25,Cairo,Accessories,Mouse,Store,Corporate,Salesperson_13,1,900,10.44,93.97,806.03,500,306.03,0,2,2025-01
1153,2025-01-25,Ismailia,Computers,Monitor,Phone,Returning,Salesperson_08,4,8500,0.97,328.84,33671.16,24800,8871.16,0,2,2025-01
818,2025-01-26,Alexandria,Accessories,Headset,Website,New,Salesperson_12,2,2200,3.73,164.0,4236.0,2600,1636.0,0,1,2025-01
247,2025-01-27,Cairo,Accessories,Mouse,Phone,Returning,Salesperson_14,1,900,16.42,147.82,752.18,500,252.18,0,3,2025-01
939,2025-01-27,Cairo,Computers,Laptop,Store,Returning,Salesperson_12,2,28000,10.44,5847.57,50152.43,46000,4152.43,0,4,2025-01
1214,2025-01-27,Cairo,Computers,Laptop,Store,New,Salesperson_09,4,28000,7.91,8854.9,103145.1,92000,11145.1,0,3,2025-01
1239,2025-01-27,Tanta,Accessories,Keyboard,Store,Corporate,Salesperson_02,1,1800,18.04,324.64,1475.36,1100,375.36,0,4,2025-01
61,2025-01-28,Alexandria,Accessories,Keyboard,Website,New,Salesperson_13,1,1800,11.81,212.51,1587.49,1100,487.49,0,3,2025-01
880,2025-01-28,Mansoura,Accessories,Mouse,Website,Returning,Salesperson_08,2,900,7.92,142.53,1657.47,1000,657.47,0,2,2025-01
1296,2025-01-28,Cairo,Accessories,Mouse,Website,New,Salesperson_14,2,900,18.17,327.05,1472.95,1000,472.95,0,7,2025-01
1358,2025-01-28,Alexandria,Computers,Laptop,Phone,New,Salesperson_01,2,28000,7.76,4347.44,51652.56,46000,5652.56,0,1,2025-01
904,2025-01-29,Tanta,Accessories,Headset,Website,New,Salesperson_12,3,2200,3.42,225.98,6374.02,3900,2474.02,0,4,2025-01
249,2025-01-30,Ismailia,Computers,Laptop,Website,New,Salesperson_12,2,28000,6.72,3763.84,52236.16,46000,6236.16,0,2,2025-01
112,2025-01-31,Mansoura,Computers,Laptop,Store,Returning,Salesperson_07,1,28000,9.67,2708.44,25291.56,23000,2291.56,0,3,2025-01
571,2025-01-31,Mansoura,Computers,Laptop,Store,Returning,Salesperson_09,2,28000,8.51,4762.94,51237.06,46000,5237.06,0,2,2025-01
949,2025-01-31,Mansoura,Computers,Monitor,Store,Returning,Salesperson_13,1,8500,10.4,883.66,7616.34,6200,1416.34,0,3,2025-01
1462,2025-01-31,Cairo,Computers,Monitor,Phone,Returning,Salesperson_14,1,8500,10.36,880.55,7619.45,6200,1419.45,0,3,2025-01
122,2025-02-01,Ismailia,Printers,Printer,Phone,Corporate,Salesperson_14,2,7500,9.52,1427.64,13572.36,11200,2372.36,0,3,2025-02
468,2025-02-01,Alexandria,Printers,Printer,Store,Returning,Salesperson_06,3,7500,6.69,1504.85,20995.15,16800,4195.15,0,3,2025-02
848,2025-02-01,Cairo,Accessories,Webcam,Website,New,Salesperson_09,2,2500,7.74,386.79,4613.21,3200,1413.21,0,2,2025-02
1103,2025-02-01,Alexandria,Accessories,Headset,Store,New,Salesperson_03,2,2200,9.83,432.32,3967.68,2600,1367.68,0,2,2025-02
1121,2025-02-01,Mansoura,Accessories,Mouse,Phone,Corporate,Salesperson_02,1,900,14.1,126.91,773.09,500,273.09,0,1,2025-02
1431,2025-02-01,Mansoura,Accessories,Keyboard,Store,Returning,Salesperson_13,1,1800,8.26,148.71,1651.29,1100,551.29,0,1,2025-02
36,2025-02-02,Alexandria,Accessories,Mouse,Phone,New,Salesperson_10,4,900,6.05,217.95,3382.05,2000,1382.05,0,3,2025-02
261,2025-02-02,Mansoura,Computers,Monitor,Website,Returning,Salesperson_11,2,8500,11.86,2016.89,14983.11,12400,2583.11,0,6,2025-02
416,2025-02-02,Cairo,Printers,Printer,Website,New,Salesperson_02,3,7500,4.27,961.76,21538.24,16800,4738.24,0,4,2025-02
1344,2025-02-02,Mansoura,Accessories,Webcam,Website,Returning,Salesperson_03,1,2500,14.77,369.26,2130.74,1600,530.74,0,4,2025-02
466,2025-02-03,Alexandria,Accessories,Mouse,Website,Returning,Salesperson_10,2,900,17.06,307.08,1492.92,1000,492.92,0,3,2025-02
787,2025-02-03,Tanta,Printers,Printer,Phone,Corporate,Salesperson_03,3,7500,8.85,1990.17,20509.83,16800,3709.83,0,4,2025-02
1071,2025-02-03,Cairo,Computers,Laptop,Website,Returning,Salesperson_15,1,28000,10.21,2859.36,25140.64,23000,2140.64,0,6,2025-02
1110,2025-02-03,Alexandria,Computers,Monitor,Store,Returning,Salesperson_07,2,8500,4.77,810.12,16189.88,12400,3789.88,0,4,2025-02
1222,2025-02-03,Cairo,Computers,Monitor,Store,New,Salesperson_14,1,8500,8.4,713.83,7786.17,6200,1586.17,0,3,2025-02
1164,2025-02-04,Ismailia,Computers,Monitor,Store,Corporate,Salesperson_01,2,8500,7.97,1355.15,15644.85,12400,3244.85,0,5,2025-02
307,2025-02-05,Ismailia,Accessories,Keyboard,Store,New,Salesperson_05,1,1800,6.1,109.82,1690.18,1100,590.18,0,4,2025-02
465,2025-02-05,Cairo,Accessories,Keyboard,Phone,New,Salesperson_07,3,1800,15.76,850.99,4549.01,3300,1249.01,0,3,2025-02
1028,2025-02-05,Alexandria,Computers,Monitor,Phone,New,Salesperson_08,2,8500,10.66,1812.43,15187.57,12400,2787.57,0,5,2025-02
1182,2025-02-05,Ismailia,Accessories,Webcam,Store,Returning,Salesperson_10,3,2500,3.43,257.15,7242.85,4800,2442.85,0,1,2025-02
1480,2025-02-05,Alexandria,Computers,Laptop,Store,Returning,Salesperson_11,2,28000,4.51,2523.86,53476.14,46000,7476.14,0,2,2025-02
795,2025-02-06,Mansoura,Components,SSD,Website,Returning,Salesperson_15,1,3200,11.44,365.92,2834.08,2200,634.08,0,4,2025-02
947,2025-02-06,Alexandria,Computers,Monitor,Phone,New,Salesperson_02,1,8500,1.11,94.33,8405.67,6200,2205.67,0,2,2025-02
960,2025-02-06,Tanta,Printers,Printer,Phone,New,Salesperson_06,4,7500,5.93,1779.9,28220.1,22400,5820.1,0,2,2025-02
1126,2025-02-06,Ismailia,Printers,Printer,Phone,New,Salesperson_14,1,7500,11.13,834.58,6665.42,5600,1065.42,0,2,2025-02
109,2025-02-07,Cairo,Accessories,Headset,Website,New,Salesperson_13,1,2200,9.93,218.45,1981.55,1300,681.55,0,3,2025-02
305,2025-02-07,Cairo,Accessories,Mouse,Website,Corporate,Salesperson_12,2,900,19.24,346.24,1453.76,1000,453.76,0,4,2025-02
518,2025-02-07,Cairo,Accessories,Mouse,Website,New,Salesperson_12,2,900,15.21,273.8,1526.2,1000,526.2,0,7,2025-02
547,2025-02-08,Tanta,Computers,Monitor,Phone,New,Salesperson_12,2,8500,7.8,1326.54,15673.46,12400,3273.46,0,3,2025-02
578,2025-02-08,Tanta,Components,SSD,Website,New,Salesperson_01,1,3200,11.25,359.93,2840.07,2200,640.07,0,3,2025-02
1101,2025-02-08,Alexandria,Accessories,Keyboard,Phone,Corporate,Salesperson_05,1,1800,13.69,246.41,0.0,1100,0.0,1,1,2025-02
1384,2025-02-09,Cairo,Printers,Printer,Store,New,Salesperson_12,1,7500,8.58,643.45,0.0,5600,0.0,1,3,2025-02
221,2025-02-10,Mansoura,Accessories,Mouse,Phone,Returning,Salesperson_15,1,900,6.83,61.43,838.57,500,338.57,0,2,2025-02
767,2025-02-10,Mansoura,Components,SSD,Website,Returning,Salesperson_09,4,3200,3.99,510.23,12289.77,8800,3489.77,0,4,2025-02
1061,2025-02-10,Alexandria,Accessories,Mouse,Website,New,Salesperson_10,3,900,10.53,284.32,2415.68,1500,915.68,0,5,2025-02
64,2025-02-11,Cairo,Accessories,Keyboard,Website,Returning,Salesperson_07,1,1800,12.11,217.99,1582.01,1100,482.01,0,2,2025-02
92,2025-02-11,Ismailia,Computers,Monitor,Website,Returning,Salesperson_07,3,8500,10.52,2683.65,22816.35,18600,4216.35,0,5,2025-02
393,2025-02-11,Cairo,Accessories,Headset,Store,New,Salesperson_10,2,2200,11.97,526.62,3873.38,2600,1273.38,0,1,2025-02
542,2025-02-11,Cairo,Accessories,Keyboard,Store,New,Salesperson_13,2,1800,5.91,212.92,3387.08,2200,1187.08,0,4,2025-02
1217,2025-02-11,Ismailia,Printers,Printer,Phone,New,Salesperson_08,1,7500,6.22,466.26,7033.74,5600,1433.74,0,2,2025-02
172,2025-02-12,Ismailia,Printers,Printer,Store,New,Salesperson_04,2,7500,4.92,738.53,14261.47,11200,3061.47,0,1,2025-02
220,2025-02-12,Mansoura,Computers,Monitor,Website,Returning,Salesperson_01,1,8500,7.47,634.63,7865.37,6200,1665.37,0,3,2025-02
1002,2025-02-12,Mansoura,Accessories,Keyboard,Store,Corporate,Salesperson_10,5,1800,16.98,1528.08,7471.92,5500,1971.92,0,3,2025-02
1081,2025-02-12,Tanta,Accessories,Keyboard,Store,Returning,Salesperson_15,5,1800,8.19,736.98,0.0,5500,0.0,1,3,2025-02
1494,2025-02-12,Tanta,Components,SSD,Phone,Corporate,Salesperson_06,2,3200,14.61,934.74,5465.26,4400,1065.26,0,1,2025-02
6,2025-02-13,Tanta,Components,SSD,Website,Corporate,Salesperson_10,1,3200,9.46,302.84,2897.16,2200,697.16,0,2,2025-02
560,2025-02-13,Tanta,Computers,Monitor,Store,Returning,Salesperson_04,1,8500,2.99,253.82,8246.18,6200,2046.18,0,2,2025-02
421,2025-02-14,Ismailia,Accessories,Mouse,Phone,New,Salesperson_01,1,900,10.43,93.9,806.1,500,306.1,0,3,2025-02
506,2025-02-14,Cairo,Computers,Laptop,Store,Returning,Salesperson_05,1,28000,8.11,2270.95,25729.05,23000,2729.05,0,4,2025-02
824,2025-02-14,Mansoura,Accessories,Mouse,Website,New,Salesperson_10,2,900,5.69,102.47,1697.53,1000,697.53,0,6,2025-02
49,2025-02-15,Cairo,Accessories,Webcam,Store,Returning,Salesperson_02,4,2500,5.57,557.31,9442.69,6400,3042.69,0,4,2025-02
120,2025-02-15,Alexandria,Computers,Laptop,Website,Returning,Salesperson_05,1,28000,3.55,994.82,27005.18,23000,4005.18,0,4,2025-02
222,2025-02-15,Cairo,Accessories,Keyboard,Website,Corporate,Salesperson_05,2,1800,19.37,697.17,2902.83,2200,702.83,0,3,2025-02
631,2025-02-15,Mansoura,Accessories,Webcam,Store,New,Salesperson_14,2,2500,6.52,326.21,4673.79,3200,1473.79,0,3,2025-02
705,2025-02-15,Tanta,Printers,Printer,Phone,New,Salesperson_07,4,7500,8.12,2435.32,27564.68,22400,5164.68,0,1,2025-02
734,2025-02-15,Tanta,Accessories,Headset,Store,New,Salesperson_05,2,2200,0.14,6.06,4393.94,2600,1793.94,0,1,2025-02
1036,2025-02-15,Tanta,Accessories,Mouse,Phone,Returning,Salesperson_05,2,900,12.6,226.73,1573.27,1000,573.27,0,1,2025-02
1398,2025-02-15,Mansoura,Computers,Monitor,Website,Corporate,Salesperson_08,4,8500,6.92,2353.65,31646.35,24800,6846.35,0,5,2025-02
148,2025-02-16,Tanta,Accessories,Mouse,Phone,Corporate,Salesperson_13,1,900,14.0,125.99,774.01,500,274.01,0,1,2025-02
188,2025-02-16,Mansoura,Accessories,Keyboard,Website,Returning,Salesperson_14,1,1800,3.86,69.42,1730.58,1100,630.58,0,1,2025-02
290,2025-02-16,Alexandria,Accessories,Webcam,Website,Returning,Salesperson_08,1,2500,12.19,304.65,2195.35,1600,595.35,0,4,2025-02
472,2025-02-16,Tanta,Computers,Laptop,Store,Returning,Salesperson_10,1,28000,9.21,2577.9,25422.1,23000,2422.1,0,3,2025-02
538,2025-02-16,Tanta,Accessories,Keyboard,Website,New,Salesperson_11,2,1800,7.29,262.36,3337.64,2200,1137.64,0,4,2025-02
914,2025-02-16,Tanta,Accessories,Headset,Store,Returning,Salesperson_01,3,2200,7.26,478.89,6121.11,3900,2221.11,0,3,2025-02
1076,2025-02-16,Mansoura,Accessories,Keyboard,Website,Corporate,Salesperson_15,1,1800,19.54,351.68,1448.32,1100,348.32,0,2,2025-02
1245,2025-02-16,Ismailia,Printers,Printer,Website,Returning,Salesperson_06,2,7500,14.49,2172.82,12827.18,11200,1627.18,0,1,2025-02
1338,2025-02-16,Cairo,Computers,Laptop,Website,Returning,Salesperson_01,2,28000,16.94,9485.1,46514.9,46000,514.9,0,2,2025-02
633,2025-02-17,Tanta,Computers,Laptop,Website,Corporate,Salesperson_02,1,28000,16.15,4522.41,23477.59,23000,477.59,0,2,2025-02
817,2025-02-17,Alexandria,Accessories,Keyboard,Store,New,Salesperson_07,1,1800,13.82,248.85,1551.15,1100,451.15,0,2,2025-02
890,2025-02-17,Ismailia,Computers,Laptop,Store,New,Salesperson_04,4,28000,6.18,6919.51,105080.49,92000,13080.49,0,3,2025-02
976,2025-02-17,Alexandria,Computers,Laptop,Website,New,Salesperson_13,1,28000,9.07,2538.27,0.0,23000,0.0,1,4,2025-02
1427,2025-02-17,Mansoura,Accessories,Headset,Website,New,Salesperson_15,1,2200,9.55,210.12,1989.88,1300,689.88,0,4,2025-02
250,2025-02-18,Alexandria,Computers,Laptop,Website,New,Salesperson_05,1,28000,8.19,2292.76,25707.24,23000,2707.24,0,3,2025-02
317,2025-02-18,Cairo,Accessories,Keyboard,Phone,Returning,Salesperson_08,5,1800,2.99,269.44,8730.56,5500,3230.56,0,3,2025-02
474,2025-02-18,Mansoura,Accessories,Keyboard,Website,Corporate,Salesperson_01,2,1800,16.64,599.01,3000.99,2200,800.99,0,3,2025-02
508,2025-02-18,Cairo,Printers,Printer,Store,Returning,Salesperson_14,2,7500,8.83,1325.02,13674.98,11200,2474.98,0,2,2025-02
551,2025-02-18,Cairo,Accessories,Headset,Website,Corporate,Salesperson_05,5,2200,11.64,1280.01,9719.99,6500,3219.99,0,4,2025-02
1500,2025-02-18,Ismailia,Accessories,Keyboard,Website,New,Salesperson_04,2,1800,10.81,389.14,3210.86,2200,1010.86,0,3,2025-02
129,2025-02-19,Tanta,Accessories,Mouse,Website,Returning,Salesperson_12,2,900,2.97,53.43,1746.57,1000,746.57,0,2,2025-02
865,2025-02-20,Mansoura,Computers,Laptop,Website,New,Salesperson_07,3,28000,15.07,12655.18,71344.82,69000,2344.82,0,2,2025-02
980,2025-02-20,Alexandria,Computers,Monitor,Store,Returning,Salesperson_06,1,8500,8.32,706.88,7793.12,6200,1593.12,0,2,2025-02
1008,2025-02-20,Cairo,Computers,Monitor,Store,Returning,Salesperson_01,1,8500,20.34,1728.86,6771.14,6200,571.14,0,3,2025-02
404,2025-02-21,Alexandria,Printers,Printer,Store,New,Salesperson_13,2,7500,0.77,116.05,14883.95,11200,3683.95,0,3,2025-02
713,2025-02-21,Ismailia,Computers,Monitor,Store,New,Salesperson_05,2,8500,10.45,1776.39,15223.61,12400,2823.61,0,1,2025-02
533,2025-02-22,Mansoura,Accessories,Headset,Store,Returning,Salesperson_03,1,2200,2.41,53.05,2146.95,1300,846.95,0,4,2025-02
664,2025-02-22,Cairo,Computers,Monitor,Store,Corporate,Salesperson_04,2,8500,17.22,2927.66,0.0,12400,0.0,1,2,2025-02
1211,2025-02-22,Cairo,Computers,Laptop,Store,Returning,Salesperson_13,4,28000,11.29,12643.38,99356.62,92000,7356.62,0,1,2025-02
1329,2025-02-22,Alexandria,Accessories,Mouse,Store,Corporate,Salesperson_10,1,900,16.52,148.69,751.31,500,251.31,0,2,2025-02
752,2025-02-23,Alexandria,Components,SSD,Phone,New,Salesperson_15,2,3200,2.63,168.16,6231.84,4400,1831.84,0,2,2025-02
80,2025-02-24,Cairo,Accessories,Mouse,Store,Returning,Salesperson_10,1,900,12.4,111.61,788.39,500,288.39,0,4,2025-02
507,2025-02-24,Tanta,Accessories,Keyboard,Store,Corporate,Salesperson_05,1,1800,8.11,146.01,1653.99,1100,553.99,0,4,2025-02
1364,2025-02-24,Mansoura,Accessories,Webcam,Store,New,Salesperson_07,2,2500,7.85,392.45,4607.55,3200,1407.55,0,2,2025-02
524,2025-02-25,Alexandria,Printers,Printer,Phone,Returning,Salesperson_09,1,7500,3.49,261.75,7238.25,5600,1638.25,0,4,2025-02
1176,2025-02-25,Ismailia,Accessories,Keyboard,Website,Returning,Salesperson_14,1,1800,7.31,131.5,1668.5,1100,568.5,0,2,2025-02
673,2025-02-26,Alexandria,Accessories,Keyboard,Phone,New,Salesperson_11,2,1800,9.46,340.46,3259.54,2200,1059.54,0,1,2025-02
46,2025-02-27,Cairo,Accessories,Webcam,Store,Corporate,Salesperson_14,2,2500,16.39,819.73,4180.27,3200,980.27,0,3,2025-02
116,2025-02-27,Cairo,Computers,Monitor,Website,Corporate,Salesperson_15,1,8500,16.36,1390.24,7109.76,6200,909.76,0,5,2025-02
1139,2025-02-27,Mansoura,Accessories,Keyboard,Phone,Returning,Salesperson_13,2,1800,9.33,335.74,3264.26,2200,1064.26,0,4,2025-02
1143,2025-02-27,Ismailia,Printers,Printer,Phone,Returning,Salesperson_12,1,7500,11.9,892.56,6607.44,5600,1007.44,0,3,2025-02
1371,2025-02-27,Alexandria,Printers,Printer,Phone,Corporate,Salesperson_11,1,7500,11.47,860.55,6639.45,5600,1039.45,0,1,2025-02
1391,2025-02-27,Mansoura,Computers,Laptop,Phone,New,Salesperson_15,1,28000,8.64,2418.6,25581.4,23000,2581.4,0,4,2025-02
1453,2025-02-27,Ismailia,Computers,Monitor,Store,Returning,Salesperson_08,1,8500,6.4,544.25,7955.75,6200,1755.75,0,4,2025-02
3,2025-02-28,Alexandria,Computers,Laptop,Phone,New,Salesperson_09,1,28000,2.09,586.51,27413.49,23000,4413.49,0,4,2025-02
318,2025-02-28,Mansoura,Accessories,Keyboard,Store,New,Salesperson_01,1,1800,7.27,130.81,1669.19,1100,569.19,0,3,2025-02
905,2025-02-28,Ismailia,Accessories,Mouse,Store,New,Salesperson_13,4,900,13.42,483.06,3116.94,2000,1116.94,0,1,2025-02
1099,2025-02-28,Ismailia,Printers,Printer,Store,New,Salesperson_04,2,7500,7.95,1192.79,13807.21,11200,2607.21,0,2,2025-02
1172,2025-02-28,Mansoura,Computers,Laptop,Website,Returning,Salesperson_01,1,28000,11.78,3298.13,24701.87,23000,1701.87,0,2,2025-02
30,2025-03-01,Cairo,Accessories,Mouse,Store,New,Salesperson_12,2,900,19.08,343.36,1456.64,1000,456.64,0,5,2025-03
71,2025-03-01,Mansoura,Computers,Laptop,Website,New,Salesperson_04,1,28000,11.08,3101.79,24898.21,23000,1898.21,0,2,2025-03
114,2025-03-01,Cairo,Printers,Printer,Website,New,Salesperson_02,3,7500,15.01,3376.71,19123.29,16800,2323.29,0,4,2025-03
119,2025-03-01,Cairo,Components,SSD,Website,Returning,Salesperson_03,3,3200,14.57,1398.81,8201.19,6600,1601.19,0,5,2025-03
1314,2025-03-01,Ismailia,Accessories,Headset,Website,Returning,Salesperson_09,2,2200,3.21,141.29,0.0,2600,0.0,1,2,2025-03
462,2025-03-02,Alexandria,Computers,Monitor,Store,Returning,Salesperson_02,2,8500,8.21,1396.4,15603.6,12400,3203.6,0,3,2025-03
1350,2025-03-02,Alexandria,Computers,Monitor,Website,Returning,Salesperson_01,2,8500,6.22,1057.6,15942.4,12400,3542.4,0,2,2025-03
167,2025-03-03,Alexandria,Computers,Laptop,Store,Returning,Salesperson_02,1,28000,2.08,583.62,0.0,23000,0.0,1,3,2025-03
553,2025-03-03,Tanta,Accessories,Mouse,Website,New,Salesperson_12,2,900,9.18,165.28,1634.72,1000,634.72,0,2,2025-03
685,2025-03-03,Cairo,Printers,Printer,Phone,Returning,Salesperson_02,2,7500,13.19,1977.84,13022.16,11200,1822.16,0,5,2025-03
1053,2025-03-03,Alexandria,Computers,Monitor,Phone,New,Salesperson_01,2,8500,6.74,1146.61,15853.39,12400,3453.39,0,1,2025-03
1488,2025-03-03,Alexandria,Printers,Printer,Store,New,Salesperson_10,1,7500,3.91,292.95,7207.05,5600,1607.05,0,4,2025-03
83,2025-03-04,Tanta,Accessories,Mouse,Website,New,Salesperson_13,2,900,10.29,185.26,1614.74,1000,614.74,0,2,2025-03
241,2025-03-04,Tanta,Accessories,Keyboard,Website,Returning,Salesperson_06,4,1800,9.43,678.61,6521.39,4400,2121.39,0,3,2025-03
934,2025-03-04,Alexandria,Printers,Printer,Website,Returning,Salesperson_15,2,7500,4.97,746.16,14253.84,11200,3053.84,0,5,2025-03
1464,2025-03-04,Cairo,Printers,Printer,Phone,New,Salesperson_14,1,7500,13.86,1039.77,6460.23,5600,860.23,0,2,2025-03
338,2025-03-05,Tanta,Computers,Monitor,Website,Returning,Salesperson_04,1,8500,9.12,774.85,7725.15,6200,1525.15,0,2,2025-03
534,2025-03-05,Ismailia,Accessories,Headset,Phone,New,Salesperson_04,1,2200,1.04,22.93,0.0,1300,0.0,1,1,2025-03
699,2025-03-05,Cairo,Accessories,Keyboard,Phone,New,Salesperson_11,1,1800,12.82,230.71,1569.29,1100,469.29,0,4,2025-03
1303,2025-03-05,Ismailia,Computers,Laptop,Phone,New,Salesperson_02,1,28000,6.51,1821.93,26178.07,23000,3178.07,0,1,2025-03
1417,2025-03-05,Tanta,Computers,Monitor,Store,Returning,Salesperson_10,2,8500,13.98,2375.87,14624.13,12400,2224.13,0,2,2025-03
103,2025-03-06,Cairo,Computers,Laptop,Store,New,Salesperson_10,1,28000,2.77,774.28,27225.72,23000,4225.72,0,1,2025-03
495,2025-03-06,Cairo,Accessories,Headset,Phone,Corporate,Salesperson_11,1,2200,13.02,286.4,1913.6,1300,613.6,0,1,2025-03
415,2025-03-07,Ismailia,Printers,Printer,Website,New,Salesperson_09,4,7500,11.24,3373.17,26626.83,22400,4226.83,0,2,2025-03
528,2025-03-07,Tanta,Computers,Laptop,Website,New,Salesperson_07,1,28000,2.28,639.56,27360.44,23000,4360.44,0,3,2025-03
1168,2025-03-07,Cairo,Computers,Laptop,Store,Returning,Salesperson_01,2,28000,12.38,6932.83,49067.17,46000,3067.17,0,2,2025-03
839,2025-03-08,Cairo,Accessories,Keyboard,Store,Returning,Salesperson_06,1,1800,11.6,208.87,1591.13,1100,491.13,0,5,2025-03
1173,2025-03-08,Mansoura,Accessories,Headset,Website,Returning,Salesperson_12,1,2200,3.79,83.45,2116.55,1300,816.55,0,3,2025-03
1252,2025-03-08,Tanta,Accessories,Keyboard,Store,Returning,Salesperson_04,5,1800,9.06,815.03,8184.97,5500,2684.97,0,1,2025-03
1257,2025-03-08,Ismailia,Computers,Laptop,Website,New,Salesperson_04,1,28000,7.23,2025.17,25974.83,23000,2974.83,0,3,2025-03
1396,2025-03-08,Alexandria,Printers,Printer,Website,Returning,Salesperson_02,5,7500,9.42,3533.2,33966.8,28000,5966.8,0,1,2025-03
860,2025-03-09,Ismailia,Computers,Monitor,Store,New,Salesperson_12,2,8500,12.82,2179.96,14820.04,12400,2420.04,0,1,2025-03
955,2025-03-09,Cairo,Accessories,Mouse,Website,Returning,Salesperson_13,2,900,6.33,114.03,1685.97,1000,685.97,0,2,2025-03
1437,2025-03-09,Mansoura,Accessories,Keyboard,Website,Returning,Salesperson_08,3,1800,10.95,591.3,4808.7,3300,1508.7,0,4,2025-03
480,2025-03-10,Cairo,Accessories,Keyboard,Store,Returning,Salesperson_05,2,1800,5.83,209.88,3390.12,2200,1190.12,0,3,2025-03
526,2025-03-10,Mansoura,Accessories,Webcam,Store,Returning,Salesperson_03,2,2500,9.69,484.42,4515.58,3200,1315.58,0,4,2025-03
790,2025-03-10,Cairo,Computers,Laptop,Store,New,Salesperson_05,2,28000,9.12,5106.36,50893.64,46000,4893.64,0,5,2025-03
799,2025-03-10,Mansoura,Accessories,Keyboard,Website,Returning,Salesperson_12,4,1800,0.0,0.0,7200.0,4400,2800.0,0,2,2025-03
892,2025-03-10,Tanta,Printers,Printer,Phone,New,Salesperson_05,1,7500,12.84,963.21,6536.79,5600,936.79,0,2,2025-03
911,2025-03-10,Cairo,Printers,Printer,Website,Returning,Salesperson_14,1,7500,11.74,880.38,6619.62,5600,1019.62,0,2,2025-03
183,2025-03-11,Tanta,Accessories,Webcam,Store,Returning,Salesperson_05,2,2500,8.9,444.94,4555.06,3200,1355.06,0,4,2025-03
363,2025-03-11,Tanta,Accessories,Keyboard,Website,Returning,Salesperson_02,4,1800,10.56,760.04,6439.96,4400,2039.96,0,5,2025-03
441,2025-03-11,Alexandria,Computers,Laptop,Store,New,Salesperson_09,2,28000,11.29,6320.06,49679.94,46000,3679.94,0,2,2025-03
895,2025-03-11,Mansoura,Computers,Monitor,Phone,New,Salesperson_05,1,8500,8.27,702.73,7797.27,6200,1597.27,0,4,2025-03
1137,2025-03-11,Tanta,Accessories,Webcam,Store,New,Salesperson_04,1,2500,18.89,472.31,2027.69,1600,427.69,0,3,2025-03
785,2025-03-12,Cairo,Accessories,Keyboard,Store,New,Salesperson_08,1,1800,7.67,138.11,1661.89,1100,561.89,0,3,2025-03
1031,2025-03-12,Alexandria,Components,SSD,Website,Returning,Salesperson_05,1,3200,12.1,387.15,2812.85,2200,612.85,0,1,2025-03
1300,2025-03-12,Alexandria,Accessories,Headset,Website,Corporate,Salesperson_03,1,2200,18.91,416.09,1783.91,1300,483.91,0,3,2025-03
401,2025-03-13,Cairo,Accessories,Keyboard,Store,New,Salesperson_14,5,1800,16.17,1455.67,7544.33,5500,2044.33,0,3,2025-03
565,2025-03-13,Ismailia,Computers,Laptop,Store,New,Salesperson_14,3,28000,3.7,3104.62,80895.38,69000,11895.38,0,1,2025-03
975,2025-03-13,Ismailia,Computers,Monitor,Store,Returning,Salesperson_03,1,8500,13.41,1139.62,7360.38,6200,1160.38,0,2,2025-03
1299,2025-03-13,Cairo,Accessories,Webcam,Phone,Returning,Salesperson_09,1,2500,7.69,192.35,2307.65,1600,707.65,0,1,2025-03
1318,2025-03-13,Mansoura,Accessories,Mouse,Store,Returning,Salesperson_01,1,900,5.15,46.33,853.67,500,353.67,0,3,2025-03
284,2025-03-14,Alexandria,Accessories,Keyboard,Phone,Corporate,Salesperson_01,2,1800,13.83,497.92,3102.08,2200,902.08,0,5,2025-03
297,2025-03-14,Mansoura,Computers,Monitor,Website,Corporate,Salesperson_15,1,8500,13.41,1139.49,7360.51,6200,1160.51,0,3,2025-03
439,2025-03-14,Mansoura,Accessories,Keyboard,Store,New,Salesperson_03,5,1800,10.24,921.49,8078.51,5500,2578.51,0,3,2025-03
841,2025-03-14,Cairo,Printers,Printer,Store,Returning,Salesperson_10,1,7500,9.58,718.38,6781.62,5600,1181.62,0,1,2025-03
1069,2025-03-14,Alexandria,Accessories,Keyboard,Phone,Returning,Salesperson_04,1,1800,12.73,229.22,1570.78,1100,470.78,0,1,2025-03
1161,2025-03-14,Cairo,Computers,Laptop,Website,New,Salesperson_09,2,28000,12.98,7268.74,0.0,46000,0.0,1,2,2025-03
1362,2025-03-14,Mansoura,Accessories,Keyboard,Phone,Returning,Salesperson_05,2,1800,12.98,467.41,3132.59,2200,932.59,0,4,2025-03
1425,2025-03-14,Mansoura,Accessories,Keyboard,Website,Returning,Salesperson_11,1,1800,7.21,129.84,1670.16,1100,570.16,0,6,2025-03
1461,2025-03-14,Tanta,Computers,Monitor,Website,New,Salesperson_08,4,8500,12.18,4142.05,29857.95,24800,5057.95,0,3,2025-03
190,2025-03-15,Tanta,Accessories,Headset,Website,New,Salesperson_14,4,2200,9.9,871.17,0.0,5200,0.0,1,3,2025-03
248,2025-03-15,Ismailia,Accessories,Mouse,Store,Returning,Salesperson_06,1,900,11.37,102.36,797.64,500,297.64,0,3,2025-03
380,2025-03-15,Tanta,Computers,Laptop,Store,New,Salesperson_03,1,28000,12.19,3414.55,24585.45,23000,1585.45,0,5,2025-03
471,2025-03-15,Ismailia,Computers,Monitor,Store,Corporate,Salesperson_02,1,8500,17.3,1470.83,7029.17,6200,829.17,0,1,2025-03
1180,2025-03-15,Alexandria,Accessories,Headset,Website,New,Salesperson_09,1,2200,11.87,261.07,1938.93,1300,638.93,0,4,2025-03
1478,2025-03-15,Mansoura,Accessories,Mouse,Website,Returning,Salesperson_07,1,900,7.97,71.71,828.29,500,328.29,0,3,2025-03
81,2025-03-16,Tanta,Accessories,Keyboard,Website,Corporate,Salesperson_01,2,1800,15.39,553.92,3046.08,2200,846.08,0,1,2025-03
670,2025-03-16,Cairo,Accessories,Keyboard,Store,New,Salesperson_09,2,1800,17.72,637.82,2962.18,2200,762.18,0,2,2025-03
915,2025-03-16,Ismailia,Printers,Printer,Store,Returning,Salesperson_02,1,7500,2.86,214.35,7285.65,5600,1685.65,0,1,2025-03
1091,2025-03-16,Alexandria,Accessories,Webcam,Phone,New,Salesperson_15,1,2500,6.8,170.03,0.0,1600,0.0,1,4,2025-03
1435,2025-03-16,Cairo,Accessories,Mouse,Website,New,Salesperson_01,1,900,10.35,93.17,806.83,500,306.83,0,4,2025-03
42,2025-03-17,Mansoura,Printers,Printer,Phone,Returning,Salesperson_02,1,7500,5.98,448.37,7051.63,5600,1451.63,0,1,2025-03
216,2025-03-17,Alexandria,Computers,Laptop,Store,New,Salesperson_03,1,28000,7.69,2153.16,25846.84,23000,2846.84,0,3,2025-03
1481,2025-03-17,Cairo,Accessories,Headset,Phone,Returning,Salesperson_03,1,2200,9.33,205.35,1994.65,1300,694.65,0,4,2025-03
627,2025-03-18,Tanta,Computers,Monitor,Store,New,Salesperson_04,1,8500,5.11,433.98,8066.02,6200,1866.02,0,2,2025-03
1420,2025-03-18,Tanta,Accessories,Webcam,Phone,Returning,Salesperson_14,1,2500,10.95,273.84,2226.16,1600,626.16,0,3,2025-03
590,2025-03-19,Alexandria,Accessories,Headset,Store,Returning,Salesperson_02,5,2200,7.67,843.64,10156.36,6500,3656.36,0,5,2025-03
687,2025-03-19,Alexandria,Accessories,Keyboard,Website,New,Salesperson_11,2,1800,0.0,0.0,3600.0,2200,1400.0,0,2,2025-03
1044,2025-03-19,Mansoura,Accessories,Keyboard,Website,Corporate,Salesperson_03,5,1800,16.95,1525.42,7474.58,5500,1974.58,0,5,2025-03
1280,2025-03-19,Mansoura,Accessories,Headset,Store,Returning,Salesperson_07,2,2200,10.62,467.32,3932.68,2600,1332.68,0,2,2025-03
1357,2025-03-19,Alexandria,Printers,Printer,Store,New,Salesperson_11,2,7500,3.55,532.03,14467.97,11200,3267.97,0,3,2025-03
171,2025-03-20,Tanta,Accessories,Keyboard,Phone,New,Salesperson_07,5,1800,5.58,502.44,8497.56,5500,2997.56,0,2,2025-03
616,2025-03-20,Cairo,Accessories,Keyboard,Store,Corporate,Salesperson_06,3,1800,15.73,849.19,4550.81,3300,1250.81,0,2,2025-03
863,2025-03-20,Cairo,Accessories,Headset,Phone,Returning,Salesperson_08,2,2200,5.95,261.82,4138.18,2600,1538.18,0,3,2025-03
1266,2025-03-20,Ismailia,Accessories,Mouse,Store,New,Salesperson_06,2,900,5.66,101.9,1698.1,1000,698.1,0,1,2025-03
583,2025-03-21,Mansoura,Components,SSD,Store,New,Salesperson_09,1,3200,3.21,102.72,3097.28,2200,897.28,0,4,2025-03
802,2025-03-21,Alexandria,Accessories,Mouse,Website,Returning,Salesperson_14,3,900,5.98,161.46,2538.54,1500,1038.54,0,3,2025-03
1482,2025-03-21,Cairo,Components,SSD,Store,Returning,Salesperson_10,2,3200,2.36,150.81,6249.19,4400,1849.19,0,2,2025-03
654,2025-03-22,Mansoura,Accessories,Keyboard,Store,New,Salesperson_04,3,1800,7.55,407.92,4992.08,3300,1692.08,0,4,2025-03
1241,2025-03-22,Ismailia,Accessories,Mouse,Store,Corporate,Salesperson_15,1,900,11.94,107.44,792.56,500,292.56,0,1,2025-03
224,2025-03-23,Cairo,Accessories,Mouse,Website,Corporate,Salesperson_03,1,900,20.54,184.84,715.16,500,215.16,0,2,2025-03
292,2025-03-23,Mansoura,Accessories,Keyboard,Store,New,Salesperson_12,1,1800,7.67,137.99,1662.01,1100,562.01,0,1,2025-03
552,2025-03-23,Alexandria,Accessories,Mouse,Website,Returning,Salesperson_09,1,900,10.98,98.83,801.17,500,301.17,0,3,2025-03
771,2025-03-23,Cairo,Printers,Printer,Website,New,Salesperson_12,1,7500,13.1,982.42,6517.58,5600,917.58,0,2,2025-03
913,2025-03-23,Mansoura,Accessories,Mouse,Store,Returning,Salesperson_12,2,900,0.0,0.0,1800.0,1000,800.0,0,3,2025-03
1186,2025-03-23,Alexandria,Accessories,Webcam,Store,Returning,Salesperson_02,1,2500,10.56,263.91,2236.09,1600,636.09,0,3,2025-03
1342,2025-03-23,Mansoura,Computers,Monitor,Phone,New,Salesperson_11,2,8500,7.55,1282.82,15717.18,12400,3317.18,0,3,2025-03
211,2025-03-24,Tanta,Printers,Printer,Website,Returning,Salesperson_03,5,7500,13.51,5067.32,32432.68,28000,4432.68,0,5,2025-03
252,2025-03-24,Tanta,Accessories,Keyboard,Phone,New,Salesperson_08,2,1800,0.0,0.0,3600.0,2200,1400.0,0,2,2025-03
288,2025-03-24,Ismailia,Computers,Monitor,Store,New,Salesperson_06,1,8500,3.09,262.86,8237.14,6200,2037.14,0,2,2025-03
805,2025-03-24,Mansoura,Printers,Printer,Website,Returning,Salesperson_07,1,7500,12.57,942.74,6557.26,5600,957.26,0,2,2025-03
117,2025-03-25,Ismailia,Computers,Monitor,Phone,New,Salesperson_06,1,8500,7.54,641.04,7858.96,6200,1658.96,0,3,2025-03
489,2025-03-25,Alexandria,Accessories,Mouse,Website,New,Salesperson_11,1,900,8.39,75.55,824.45,500,324.45,0,2,2025-03
668,2025-03-25,Alexandria,Accessories,Mouse,Website,Returning,Salesperson_15,4,900,0.0,0.0,3600.0,2000,1600.0,0,3,2025-03
779,2025-03-26,Cairo,Accessories,Headset,Store,New,Salesperson_05,1,2200,13.45,295.91,1904.09,1300,604.09,0,3,2025-03
985,2025-03-26,Cairo,Computers,Laptop,Store,Corporate,Salesperson_04,1,28000,14.67,4106.92,23893.08,23000,893.08,0,6,2025-03
1205,2025-03-26,Alexandria,Accessories,Mouse,Store,Returning,Salesperson_15,2,900,7.09,127.54,1672.46,1000,672.46,0,2,2025-03
33,2025-03-27,Cairo,Computers,Laptop,Store,New,Salesperson_07,3,28000,9.55,8022.36,75977.64,69000,6977.64,0,5,2025-03
75,2025-03-27,Mansoura,Accessories,Mouse,Website,New,Salesperson_08,2,900,6.38,114.88,1685.12,1000,685.12,0,1,2025-03
932,2025-03-27,Tanta,Computers,Monitor,Store,Returning,Salesperson_11,2,8500,5.19,883.12,16116.88,12400,3716.88,0,1,2025-03
1423,2025-03-27,Tanta,Computers,Monitor,Website,Returning,Salesperson_03,1,8500,4.2,356.95,8143.05,6200,1943.05,0,5,2025-03
233,2025-03-28,Alexandria,Accessories,Webcam,Website,New,Salesperson_05,2,2500,9.43,471.34,4528.66,3200,1328.66,0,3,2025-03
308,2025-03-28,Mansoura,Components,SSD,Website,Returning,Salesperson_15,2,3200,11.39,729.25,5670.75,4400,1270.75,0,2,2025-03
398,2025-03-28,Ismailia,Accessories,Keyboard,Store,New,Salesperson_04,3,1800,8.93,481.99,4918.01,3300,1618.01,0,3,2025-03
720,2025-03-28,Mansoura,Computers,Monitor,Phone,Returning,Salesperson_12,4,8500,9.72,3303.59,30696.41,24800,5896.41,0,3,2025-03
869,2025-03-28,Ismailia,Accessories,Webcam,Phone,Returning,Salesperson_12,2,2500,9.7,484.9,4515.1,3200,1315.1,0,2,2025-03
1051,2025-03-28,Alexandria,Accessories,Keyboard,Website,New,Salesperson_11,4,1800,11.54,830.68,6369.32,4400,1969.32,0,1,2025-03
1119,2025-03-28,Ismailia,Computers,Monitor,Store,New,Salesperson_02,1,8500,0.0,0.0,8500.0,6200,2300.0,0,2,2025-03
1152,2025-03-28,Ismailia,Components,SSD,Website,Returning,Salesperson_15,1,3200,5.54,177.33,3022.67,2200,822.67,0,6,2025-03
639,2025-03-29,Alexandria,Accessories,Mouse,Website,New,Salesperson_05,1,900,11.24,101.17,798.83,500,298.83,0,6,2025-03
681,2025-03-29,Ismailia,Computers,Monitor,Store,Corporate,Salesperson_10,2,8500,10.82,1838.85,15161.15,12400,2761.15,0,5,2025-03
72,2025-03-30,Tanta,Accessories,Keyboard,Phone,Returning,Salesperson_15,1,1800,0.52,9.3,1790.7,1100,690.7,0,2,2025-03
726,2025-03-30,Cairo,Printers,Printer,Website,Corporate,Salesperson_13,1,7500,14.22,1066.3,6433.7,5600,833.7,0,5,2025-03
37,2025-03-31,Alexandria,Computers,Monitor,Website,Returning,Salesperson_08,1,8500,11.29,960.04,7539.96,6200,1339.96,0,2,2025-03
368,2025-03-31,Cairo,Printers,Printer,Store,Corporate,Salesperson_13,2,7500,13.29,1993.93,13006.07,11200,1806.07,0,3,2025-03
445,2025-03-31,Cairo,Accessories,Headset,Store,Corporate,Salesperson_13,3,2200,18.29,1207.1,5392.9,3900,1492.9,0,3,2025-03
658,2025-03-31,Alexandria,Accessories,Keyboard,Website,Returning,Salesperson_07,1,1800,16.44,295.83,1504.17,1100,404.17,0,2,2025-03
807,2025-03-31,Cairo,Printers,Printer,Website,Returning,Salesperson_04,1,7500,5.73,429.56,7070.44,5600,1470.44,0,3,2025-03
888,2025-03-31,Cairo,Computers,Monitor,Website,New,Salesperson_11,1,8500,19.92,1692.96,6807.04,6200,607.04,0,3,2025-03
529,2025-04-01,Ismailia,Computers,Monitor,Phone,Returning,Salesperson_01,1,8500,8.0,679.81,7820.19,6200,1620.19,0,2,2025-04
532,2025-04-02,Tanta,Printers,Printer,Website,New,Salesperson_02,1,7500,7.88,590.63,6909.37,5600,1309.37,0,2,2025-04
618,2025-04-02,Ismailia,Accessories,Headset,Store,Corporate,Salesperson_04,3,2200,16.12,1064.08,5535.92,3900,1635.92,0,4,2025-04
629,2025-04-02,Mansoura,Accessories,Keyboard,Website,New,Salesperson_02,1,1800,12.02,216.27,1583.73,1100,483.73,0,2,2025-04
669,2025-04-02,Cairo,Components,SSD,Store,Returning,Salesperson_06,1,3200,12.22,391.15,2808.85,2200,608.85,0,1,2025-04
1356,2025-04-02,Mansoura,Accessories,Mouse,Store,New,Salesperson_09,2,900,15.53,279.47,1520.53,1000,520.53,0,3,2025-04
58,2025-04-03,Tanta,Accessories,Mouse,Store,Returning,Salesperson_05,1,900,7.06,63.51,836.49,500,336.49,0,2,2025-04
219,2025-04-03,Alexandria,Accessories,Mouse,Website,Returning,Salesperson_08,1,900,13.35,120.16,779.84,500,279.84,0,6,2025-04
410,2025-04-03,Tanta,Accessories,Keyboard,Phone,New,Salesperson_07,2,1800,4.76,171.24,3428.76,2200,1228.76,0,5,2025-04
813,2025-04-03,Ismailia,Accessories,Mouse,Website,New,Salesperson_11,1,900,5.51,49.57,850.43,500,350.43,0,2,2025-04
874,2025-04-03,Mansoura,Computers,Monitor,Store,Returning,Salesperson_15,2,8500,14.8,2515.29,14484.71,12400,2084.71,0,1,2025-04
1489,2025-04-03,Ismailia,Computers,Monitor,Website,Returning,Salesperson_01,3,8500,8.36,2131.72,23368.28,18600,4768.28,0,1,2025-04
574,2025-04-04,Alexandria,Accessories,Webcam,Website,Returning,Salesperson_05,1,2500,9.99,249.72,2250.28,1600,650.28,0,3,2025-04
676,2025-04-04,Alexandria,Accessories,Mouse,Website,Returning,Salesperson_04,1,900,5.61,50.48,849.52,500,349.52,0,3,2025-04
704,2025-04-04,Mansoura,Accessories,Headset,Website,New,Salesperson_13,1,2200,15.47,340.43,1859.57,1300,559.57,0,5,2025-04
849,2025-04-04,Alexandria,Printers,Printer,Phone,Returning,Salesperson_13,1,7500,5.13,384.63,7115.37,5600,1515.37,0,5,2025-04
917,2025-04-04,Alexandria,Printers,Printer,Phone,Returning,Salesperson_10,2,7500,11.1,1665.6,13334.4,11200,2134.4,0,1,2025-04
987,2025-04-04,Alexandria,Accessories,Keyboard,Phone,New,Salesperson_01,4,1800,17.29,1245.1,5954.9,4400,1554.9,0,2,2025-04
1415,2025-04-04,Ismailia,Computers,Laptop,Phone,Returning,Salesperson_06,1,28000,11.97,3352.26,24647.74,23000,1647.74,0,1,2025-04
287,2025-04-05,Alexandria,Computers,Monitor,Phone,Returning,Salesperson_07,3,8500,10.73,2737.24,22762.76,18600,4162.76,0,1,2025-04
731,2025-04-05,Tanta,Accessories,Keyboard,Website,New,Salesperson_09,2,1800,5.04,181.57,3418.43,2200,1218.43,0,1,2025-04
1055,2025-04-05,Cairo,Computers,Laptop,Store,Corporate,Salesperson_09,2,28000,18.98,10630.9,45369.1,46000,-630.9,0,4,2025-04
1181,2025-04-05,Mansoura,Accessories,Keyboard,Store,Returning,Salesperson_15,2,1800,3.89,140.21,3459.79,2200,1259.79,0,5,2025-04
721,2025-04-06,Cairo,Computers,Laptop,Phone,New,Salesperson_02,2,28000,15.51,8685.12,47314.88,46000,1314.88,0,3,2025-04
827,2025-04-06,Cairo,Components,SSD,Store,Returning,Salesperson_10,2,3200,4.02,257.02,6142.98,4400,1742.98,0,2,2025-04
1054,2025-04-06,Cairo,Components,SSD,Phone,New,Salesperson_10,2,3200,13.85,886.11,5513.89,4400,1113.89,0,1,2025-04
1199,2025-04-06,Ismailia,Accessories,Keyboard,Store,Returning,Salesperson_07,3,1800,10.24,552.89,4847.11,3300,1547.11,0,4,2025-04
87,2025-04-07,Ismailia,Accessories,Headset,Phone,Corporate,Salesperson_10,2,2200,5.23,229.99,4170.01,2600,1570.01,0,1,2025-04
289,2025-04-07,Alexandria,Components,SSD,Website,New,Salesperson_14,1,3200,8.52,272.53,2927.47,2200,727.47,0,1,2025-04
509,2025-04-07,Ismailia,Printers,Printer,Phone,New,Salesperson_12,2,7500,8.25,1237.61,13762.39,11200,2562.39,0,2,2025-04
1430,2025-04-07,Mansoura,Computers,Monitor,Website,Returning,Salesperson_15,1,8500,8.88,755.03,7744.97,6200,1544.97,0,5,2025-04
477,2025-04-08,Ismailia,Accessories,Mouse,Store,New,Salesperson_12,1,900,2.47,22.21,877.79,500,377.79,0,1,2025-04
1444,2025-04-08,Mansoura,Computers,Laptop,Phone,New,Salesperson_13,2,28000,0.0,0.0,56000.0,46000,10000.0,0,2,2025-04
21,2025-04-09,Tanta,Computers,Monitor,Store,Returning,Salesperson_08,1,8500,7.98,678.35,7821.65,6200,1621.65,0,2,2025-04
428,2025-04-09,Cairo,Accessories,Keyboard,Website,New,Salesperson_05,2,1800,8.14,292.94,3307.06,2200,1107.06,0,6,2025-04
437,2025-04-09,Ismailia,Accessories,Headset,Website,Returning,Salesperson_15,3,2200,6.17,406.92,6193.08,3900,2293.08,0,3,2025-04
34,2025-04-10,Cairo,Accessories,Keyboard,Store,Returning,Salesperson_01,2,1800,9.99,359.51,3240.49,2200,1040.49,0,2,2025-04
596,2025-04-10,Mansoura,Printers,Printer,Store,New,Salesperson_12,1,7500,9.52,714.29,6785.71,5600,1185.71,0,2,2025-04
823,2025-04-10,Cairo,Accessories,Keyboard,Website,Corporate,Salesperson_15,3,1800,24.26,1309.87,4090.13,3300,790.13,0,3,2025-04
1050,2025-04-10,Tanta,Accessories,Keyboard,Store,Returning,Salesperson_11,1,1800,8.2,147.54,1652.46,1100,552.46,0,2,2025-04
1138,2025-04-10,Cairo,Accessories,Keyboard,Website,Corporate,Salesperson_07,1,1800,14.74,265.38,1534.62,1100,434.62,0,4,2025-04
1166,2025-04-10,Cairo,Printers,Printer,Phone,New,Salesperson_06,1,7500,12.84,963.02,6536.98,5600,936.98,0,3,2025-04
1347,2025-04-10,Cairo,Accessories,Keyboard,Store,Returning,Salesperson_02,1,1800,12.48,224.72,1575.28,1100,475.28,0,2,2025-04
271,2025-04-11,Alexandria,Accessories,Mouse,Phone,New,Salesperson_06,3,900,8.24,222.51,2477.49,1500,977.49,0,1,2025-04
272,2025-04-11,Cairo,Accessories,Keyboard,Phone,New,Salesperson_03,4,1800,10.47,753.93,6446.07,4400,2046.07,0,3,2025-04
585,2025-04-11,Cairo,Accessories,Headset,Store,Corporate,Salesperson_15,1,2200,13.13,288.94,1911.06,1300,611.06,0,4,2025-04
651,2025-04-11,Alexandria,Accessories,Webcam,Store,New,Salesperson_10,2,2500,0.0,0.22,4999.78,3200,1799.78,0,2,2025-04
758,2025-04-11,Alexandria,Computers,Monitor,Website,Returning,Salesperson_15,1,8500,14.3,1215.26,7284.74,6200,1084.74,0,2,2025-04
1,2025-04-13,Mansoura,Computers,Monitor,Website,Returning,Salesperson_03,1,8500,9.12,775.33,7724.67,6200,1524.67,0,1,2025-04
100,2025-04-13,Cairo,Accessories,Mouse,Store,New,Salesperson_15,1,900,6.33,56.97,843.03,500,343.03,0,4,2025-04
124,2025-04-13,Cairo,Accessories,Mouse,Website,Returning,Salesperson_09,1,900,17.6,158.38,0.0,500,0.0,1,6,2025-04
959,2025-04-13,Alexandria,Accessories,Keyboard,Website,Returning,Salesperson_04,1,1800,8.97,161.5,1638.5,1100,538.5,0,3,2025-04
201,2025-04-14,Ismailia,Accessories,Keyboard,Website,New,Salesperson_12,2,1800,12.66,455.6,3144.4,2200,944.4,0,2,2025-04
322,2025-04-14,Alexandria,Computers,Monitor,Store,New,Salesperson_02,4,8500,2.51,853.57,33146.43,24800,8346.43,0,2,2025-04
356,2025-04-14,Tanta,Computers,Monitor,Website,Returning,Salesperson_10,1,8500,10.83,920.16,7579.84,6200,1379.84,0,3,2025-04
453,2025-04-15,Ismailia,Accessories,Keyboard,Phone,New,Salesperson_13,2,1800,0.74,26.78,3573.22,2200,1373.22,0,2,2025-04
821,2025-04-15,Cairo,Components,SSD,Website,Corporate,Salesperson_09,2,3200,19.3,1235.06,5164.94,4400,764.94,0,2,2025-04
31,2025-04-16,Alexandria,Printers,Printer,Store,Returning,Salesperson_10,1,7500,10.02,751.5,6748.5,5600,1148.5,0,4,2025-04
192,2025-04-16,Mansoura,Computers,Monitor,Store,Corporate,Salesperson_02,1,8500,16.21,1378.04,7121.96,6200,921.96,0,5,2025-04
343,2025-04-16,Alexandria,Accessories,Mouse,Phone,Corporate,Salesperson_09,3,900,7.26,196.09,2503.91,1500,1003.91,0,2,2025-04
455,2025-04-16,Cairo,Computers,Laptop,Phone,New,Salesperson_07,1,28000,15.51,4343.18,23656.82,23000,656.82,0,2,2025-04
984,2025-04-16,Cairo,Accessories,Keyboard,Store,New,Salesperson_02,4,1800,12.26,882.82,6317.18,4400,1917.18,0,2,2025-04
1088,2025-04-16,Cairo,Printers,Printer,Website,Returning,Salesperson_09,1,7500,16.99,1273.89,6226.11,5600,626.11,0,4,2025-04
354,2025-04-17,Mansoura,Accessories,Keyboard,Website,New,Salesperson_06,3,1800,12.52,675.88,4724.12,3300,1424.12,0,2,2025-04
711,2025-04-17,Mansoura,Computers,Laptop,Store,Returning,Salesperson_14,1,28000,3.9,1091.34,26908.66,23000,3908.66,0,3,2025-04
921,2025-04-17,Alexandria,Computers,Laptop,Website,New,Salesperson_10,1,28000,14.26,3991.93,24008.07,23000,1008.07,0,3,2025-04
1304,2025-04-17,Mansoura,Printers,Printer,Store,Returning,Salesperson_07,3,7500,10.74,2416.24,20083.76,16800,3283.76,0,1,2025-04
134,2025-04-18,Ismailia,Computers,Laptop,Phone,New,Salesperson_05,1,28000,8.6,2407.08,25592.92,23000,2592.92,0,2,2025-04
376,2025-04-18,Alexandria,Components,SSD,Store,Returning,Salesperson_08,2,3200,0.2,12.52,6387.48,4400,1987.48,0,3,2025-04
675,2025-04-19,Cairo,Accessories,Headset,Website,New,Salesperson_14,1,2200,9.57,210.49,1989.51,1300,689.51,0,4,2025-04
762,2025-04-19,Tanta,Computers,Laptop,Website,New,Salesperson_01,1,28000,9.84,2754.2,25245.8,23000,2245.8,0,1,2025-04
1066,2025-04-20,Mansoura,Accessories,Headset,Phone,New,Salesperson_15,3,2200,5.38,354.79,6245.21,3900,2345.21,0,4,2025-04
1308,2025-04-20,Cairo,Printers,Printer,Store,New,Salesperson_07,4,7500,7.43,2228.71,27771.29,22400,5371.29,0,3,2025-04
131,2025-04-21,Ismailia,Accessories,Mouse,Website,New,Salesperson_01,2,900,6.0,108.08,1691.92,1000,691.92,0,1,2025-04
282,2025-04-21,Mansoura,Printers,Printer,Store,Returning,Salesperson_08,2,7500,10.43,1564.03,13435.97,11200,2235.97,0,2,2025-04
535,2025-04-21,Ismailia,Accessories,Headset,Store,Returning,Salesperson_03,5,2200,7.5,824.92,10175.08,6500,3675.08,0,3,2025-04
1249,2025-04-21,Tanta,Computers,Laptop,Phone,New,Salesperson_04,2,28000,4.91,2747.76,53252.24,46000,7252.24,0,3,2025-04
1439,2025-04-21,Mansoura,Accessories,Headset,Store,Corporate,Salesperson_14,2,2200,10.45,459.69,3940.31,2600,1340.31,0,4,2025-04
1469,2025-04-21,Alexandria,Accessories,Webcam,Website,New,Salesperson_02,1,2500,7.08,177.1,2322.9,1600,722.9,0,4,2025-04
65,2025-04-22,Cairo,Computers,Monitor,Store,New,Salesperson_15,3,8500,10.69,2726.99,22773.01,18600,4173.01,0,3,2025-04
309,2025-04-22,Cairo,Computers,Monitor,Store,Returning,Salesperson_11,2,8500,5.52,937.91,16062.09,12400,3662.09,0,2,2025-04
334,2025-04-22,Cairo,Computers,Monitor,Website,Returning,Salesperson_01,2,8500,12.97,2205.41,14794.59,12400,2394.59,0,5,2025-04
460,2025-04-22,Mansoura,Accessories,Webcam,Store,Returning,Salesperson_09,3,2500,8.93,669.93,6830.07,4800,2030.07,0,3,2025-04
1248,2025-04-22,Tanta,Computers,Laptop,Store,Returning,Salesperson_07,1,28000,13.91,3894.44,24105.56,23000,1105.56,0,5,2025-04
1285,2025-04-22,Alexandria,Accessories,Keyboard,Store,Returning,Salesperson_03,1,1800,12.39,223.02,1576.98,1100,476.98,0,1,2025-04
1340,2025-04-22,Cairo,Computers,Laptop,Store,Returning,Salesperson_15,2,28000,12.38,6932.02,49067.98,46000,3067.98,0,2,2025-04
1436,2025-04-22,Alexandria,Computers,Laptop,Phone,New,Salesperson_09,1,28000,0.66,183.67,27816.33,23000,4816.33,0,2,2025-04
15,2025-04-23,Tanta,Accessories,Keyboard,Store,New,Salesperson_06,2,1800,9.35,336.68,3263.32,2200,1063.32,0,5,2025-04
632,2025-04-23,Alexandria,Computers,Laptop,Store,Returning,Salesperson_14,1,28000,4.44,1242.92,26757.08,23000,3757.08,0,1,2025-04
1369,2025-04-23,Cairo,Computers,Laptop,Store,Returning,Salesperson_15,1,28000,10.8,3024.92,24975.08,23000,1975.08,0,2,2025-04
1471,2025-04-23,Mansoura,Computers,Laptop,Phone,New,Salesperson_15,2,28000,3.82,2139.95,53860.05,46000,7860.05,0,3,2025-04
756,2025-04-24,Mansoura,Computers,Laptop,Phone,Corporate,Salesperson_04,2,28000,20.22,11322.87,44677.13,46000,-1322.87,0,3,2025-04
957,2025-04-24,Cairo,Accessories,Webcam,Phone,New,Salesperson_07,1,2500,10.25,256.14,2243.86,1600,643.86,0,3,2025-04
1367,2025-04-24,Alexandria,Components,SSD,Phone,New,Salesperson_14,1,3200,6.86,219.5,2980.5,2200,780.5,0,4,2025-04
110,2025-04-25,Mansoura,Accessories,Keyboard,Website,Returning,Salesperson_11,1,1800,10.46,188.28,1611.72,1100,511.72,0,4,2025-04
765,2025-04-25,Cairo,Computers,Laptop,Store,Corporate,Salesperson_05,1,28000,13.37,3744.06,24255.94,23000,1255.94,0,3,2025-04
881,2025-04-25,Cairo,Accessories,Keyboard,Phone,Returning,Salesperson_08,1,1800,15.27,274.78,1525.22,1100,425.22,0,3,2025-04
1381,2025-04-25,Tanta,Printers,Printer,Phone,Returning,Salesperson_14,3,7500,12.0,2701.12,19798.88,16800,2998.88,0,3,2025-04
1443,2025-04-25,Cairo,Accessories,Webcam,Website,Corporate,Salesperson_13,3,2500,23.5,1762.57,5737.43,4800,937.43,0,3,2025-04
274,2025-04-26,Cairo,Printers,Printer,Website,New,Salesperson_08,4,7500,13.77,4129.71,25870.29,22400,3470.29,0,2,2025-04
336,2025-04-26,Cairo,Accessories,Headset,Website,Returning,Salesperson_03,5,2200,7.95,874.27,10125.73,6500,3625.73,0,6,2025-04
362,2025-04-26,Cairo,Accessories,Headset,Website,New,Salesperson_05,2,2200,15.12,665.34,3734.66,2600,1134.66,0,1,2025-04
595,2025-04-26,Tanta,Computers,Monitor,Store,New,Salesperson_11,1,8500,3.74,318.17,8181.83,6200,1981.83,0,2,2025-04
714,2025-04-26,Alexandria,Accessories,Keyboard,Store,New,Salesperson_05,2,1800,3.05,109.63,3490.37,2200,1290.37,0,4,2025-04
746,2025-04-26,Cairo,Computers,Laptop,Website,Corporate,Salesperson_07,3,28000,16.08,13511.14,70488.86,69000,1488.86,0,4,2025-04
801,2025-04-26,Tanta,Accessories,Mouse,Store,New,Salesperson_08,1,900,5.39,48.53,851.47,500,351.47,0,2,2025-04
931,2025-04-26,Mansoura,Printers,Printer,Store,New,Salesperson_02,1,7500,0.0,0.0,7500.0,5600,1900.0,0,1,2025-04
1379,2025-04-26,Alexandria,Accessories,Keyboard,Store,New,Salesperson_15,1,1800,2.86,51.47,1748.53,1100,648.53,0,2,2025-04
121,2025-04-27,Ismailia,Accessories,Keyboard,Phone,New,Salesperson_06,1,1800,4.25,76.53,1723.47,1100,623.47,0,5,2025-04
237,2025-04-27,Ismailia,Accessories,Keyboard,Website,New,Salesperson_10,2,1800,6.79,244.29,3355.71,2200,1155.71,0,2,2025-04
273,2025-04-27,Cairo,Computers,Laptop,Website,New,Salesperson_04,2,28000,4.64,2597.66,53402.34,46000,7402.34,0,8,2025-04
432,2025-04-27,Cairo,Accessories,Headset,Store,New,Salesperson_02,1,2200,9.69,213.24,1986.76,1300,686.76,0,3,2025-04
926,2025-04-27,Tanta,Accessories,Keyboard,Phone,Corporate,Salesperson_03,4,1800,9.35,673.19,6526.81,4400,2126.81,0,1,2025-04
53,2025-04-28,Mansoura,Computers,Monitor,Phone,Corporate,Salesperson_07,1,8500,13.65,1160.66,7339.34,6200,1139.34,0,4,2025-04
189,2025-04-28,Cairo,Accessories,Mouse,Store,Corporate,Salesperson_01,1,900,18.63,167.69,732.31,500,232.31,0,2,2025-04
1156,2025-04-28,Tanta,Accessories,Headset,Website,New,Salesperson_14,1,2200,15.33,337.28,1862.72,1300,562.72,0,3,2025-04
521,2025-04-29,Cairo,Accessories,Mouse,Phone,New,Salesperson_03,1,900,14.34,129.03,770.97,500,270.97,0,3,2025-04
1206,2025-04-29,Cairo,Accessories,Mouse,Store,New,Salesperson_05,2,900,9.94,178.9,1621.1,1000,621.1,0,3,2025-04
170,2025-04-30,Alexandria,Accessories,Headset,Website,New,Salesperson_08,3,2200,18.13,1196.53,5403.47,3900,1503.47,0,2,2025-04
212,2025-04-30,Mansoura,Accessories,Mouse,Store,New,Salesperson_03,1,900,0.46,4.13,895.87,500,395.87,0,2,2025-04
873,2025-04-30,Ismailia,Computers,Monitor,Store,New,Salesperson_02,1,8500,6.84,581.4,7918.6,6200,1718.6,0,1,2025-04
156,2025-05-01,Mansoura,Computers,Laptop,Store,Corporate,Salesperson_06,1,28000,8.35,2337.22,25662.78,23000,2662.78,0,2,2025-05
500,2025-05-01,Alexandria,Printers,Printer,Store,Returning,Salesperson_05,1,7500,4.64,347.82,7152.18,5600,1552.18,0,3,2025-05
1192,2025-05-01,Alexandria,Accessories,Keyboard,Website,New,Salesperson_11,2,1800,11.76,423.51,3176.49,2200,976.49,0,3,2025-05
1399,2025-05-01,Alexandria,Components,SSD,Website,Returning,Salesperson_09,1,3200,7.39,236.59,2963.41,2200,763.41,0,1,2025-05
32,2025-05-02,Cairo,Computers,Monitor,Website,Returning,Salesperson_03,2,8500,13.51,2296.56,14703.44,12400,2303.44,0,5,2025-05
228,2025-05-02,Ismailia,Computers,Monitor,Store,Returning,Salesperson_10,2,8500,6.56,1115.86,15884.14,12400,3484.14,0,3,2025-05
310,2025-05-02,Alexandria,Computers,Laptop,Store,Returning,Salesperson_12,2,28000,2.49,1394.14,54605.86,46000,8605.86,0,2,2025-05
482,2025-05-02,Cairo,Printers,Printer,Phone,Returning,Salesperson_02,1,7500,12.69,951.64,6548.36,5600,948.36,0,3,2025-05
722,2025-05-02,Tanta,Accessories,Keyboard,Store,Returning,Salesperson_12,4,1800,12.72,916.13,6283.87,4400,1883.87,0,3,2025-05
793,2025-05-02,Cairo,Computers,Laptop,Website,Returning,Salesperson_09,2,28000,1.19,664.5,55335.5,46000,9335.5,0,3,2025-05
1183,2025-05-02,Ismailia,Components,SSD,Store,Corporate,Salesperson_05,2,3200,0.77,49.09,6350.91,4400,1950.91,0,2,2025-05
1372,2025-05-02,Mansoura,Accessories,Headset,Store,Corporate,Salesperson_06,1,2200,10.78,237.19,1962.81,1300,662.81,0,3,2025-05
108,2025-05-03,Cairo,Components,SSD,Phone,Corporate,Salesperson_15,3,3200,17.13,1644.88,7955.12,6600,1355.12,0,5,2025-05
938,2025-05-04,Alexandria,Accessories,Mouse,Store,New,Salesperson_04,2,900,8.28,148.96,1651.04,1000,651.04,0,3,2025-05
996,2025-05-04,Cairo,Accessories,Webcam,Website,New,Salesperson_02,1,2500,19.01,475.19,0.0,1600,0.0,1,5,2025-05
197,2025-05-05,Mansoura,Computers,Monitor,Website,New,Salesperson_04,1,8500,0.97,82.23,8417.77,6200,2217.77,0,2,2025-05
703,2025-05-05,Tanta,Accessories,Mouse,Store,New,Salesperson_15,3,900,10.22,275.87,2424.13,1500,924.13,0,1,2025-05
729,2025-05-05,Alexandria,Accessories,Mouse,Website,New,Salesperson_02,2,900,14.26,256.71,1543.29,1000,543.29,0,4,2025-05
730,2025-05-05,Ismailia,Computers,Laptop,Store,Returning,Salesperson_05,2,28000,11.75,6582.74,49417.26,46000,3417.26,0,1,2025-05
887,2025-05-05,Alexandria,Computers,Monitor,Store,New,Salesperson_03,2,8500,4.7,799.26,16200.74,12400,3800.74,0,1,2025-05
1150,2025-05-05,Tanta,Accessories,Webcam,Phone,New,Salesperson_13,1,2500,14.94,373.4,2126.6,1600,526.6,0,3,2025-05
1155,2025-05-05,Mansoura,Accessories,Headset,Store,New,Salesperson_12,4,2200,8.12,714.68,8085.32,5200,2885.32,0,3,2025-05
1219,2025-05-05,Ismailia,Accessories,Keyboard,Store,Returning,Salesperson_15,2,1800,5.29,190.3,3409.7,2200,1209.7,0,2,2025-05
1390,2025-05-05,Tanta,Printers,Printer,Phone,Returning,Salesperson_12,4,7500,6.55,1966.41,28033.59,22400,5633.59,0,2,2025-05
1459,2025-05-05,Mansoura,Accessories,Headset,Store,New,Salesperson_03,2,2200,11.87,522.31,3877.69,2600,1277.69,0,2,2025-05
230,2025-05-06,Ismailia,Computers,Laptop,Phone,Returning,Salesperson_01,3,28000,14.06,11809.18,72190.82,69000,3190.82,0,5,2025-05
434,2025-05-06,Ismailia,Components,SSD,Website,Returning,Salesperson_02,1,3200,10.78,345.06,2854.94,2200,654.94,0,3,2025-05
126,2025-05-07,Ismailia,Accessories,Headset,Store,New,Salesperson_07,1,2200,3.87,85.22,2114.78,1300,814.78,0,2,2025-05
510,2025-05-07,Cairo,Accessories,Webcam,Store,Returning,Salesperson_03,3,2500,9.7,727.6,6772.4,4800,1972.4,0,3,2025-05
208,2025-05-08,Ismailia,Accessories,Headset,Website,New,Salesperson_03,1,2200,11.56,254.22,1945.78,1300,645.78,0,4,2025-05
1141,2025-05-08,Tanta,Components,SSD,Website,Returning,Salesperson_13,1,3200,0.85,27.35,3172.65,2200,972.65,0,4,2025-05
1335,2025-05-08,Alexandria,Printers,Printer,Store,Returning,Salesperson_10,3,7500,5.32,1196.51,21303.49,16800,4503.49,0,2,2025-05
202,2025-05-09,Cairo,Accessories,Keyboard,Website,Returning,Salesperson_14,1,1800,8.56,154.13,1645.87,1100,545.87,0,4,2025-05
478,2025-05-10,Cairo,Accessories,Headset,Website,Returning,Salesperson_04,3,2200,12.24,807.86,5792.14,3900,1892.14,0,4,2025-05
1059,2025-05-10,Mansoura,Accessories,Keyboard,Store,Returning,Salesperson_14,2,1800,4.78,171.98,3428.02,2200,1228.02,0,2,2025-05
4,2025-05-11,Tanta,Accessories,Headset,Website,New,Salesperson_12,4,2200,1.39,122.59,0.0,5200,0.0,1,4,2025-05
130,2025-05-11,Ismailia,Accessories,Mouse,Website,New,Salesperson_12,2,900,10.8,194.31,1605.69,1000,605.69,0,2,2025-05
770,2025-05-11,Alexandria,Accessories,Mouse,Website,Returning,Salesperson_05,1,900,3.27,29.4,870.6,500,370.6,0,5,2025-05
1124,2025-05-11,Cairo,Accessories,Keyboard,Store,New,Salesperson_02,4,1800,14.26,1026.42,6173.58,4400,1773.58,0,1,2025-05
1169,2025-05-11,Ismailia,Computers,Laptop,Store,New,Salesperson_07,1,28000,6.04,1691.86,26308.14,23000,3308.14,0,1,2025-05
1250,2025-05-11,Cairo,Accessories,Webcam,Store,New,Salesperson_03,1,2500,13.53,338.29,2161.71,1600,561.71,0,2,2025-05
1394,2025-05-11,Cairo,Accessories,Headset,Phone,Corporate,Salesperson_04,1,2200,13.12,288.57,1911.43,1300,611.43,0,3,2025-05
1441,2025-05-11,Ismailia,Computers,Monitor,Store,Returning,Salesperson_13,2,8500,3.53,599.6,16400.4,12400,4000.4,0,3,2025-05
217,2025-05-12,Ismailia,Computers,Laptop,Store,Returning,Salesperson_09,5,28000,4.42,6182.41,133817.59,115000,18817.59,0,1,2025-05
782,2025-05-12,Cairo,Accessories,Webcam,Website,New,Salesperson_15,2,2500,6.33,316.61,4683.39,3200,1483.39,0,3,2025-05
961,2025-05-12,Ismailia,Accessories,Keyboard,Store,Returning,Salesperson_10,1,1800,0.1,1.76,1798.24,1100,698.24,0,5,2025-05
1045,2025-05-12,Cairo,Accessories,Keyboard,Website,New,Salesperson_10,1,1800,17.86,321.51,1478.49,1100,378.49,0,4,2025-05
133,2025-05-13,Cairo,Accessories,Mouse,Website,New,Salesperson_15,1,900,10.71,96.42,803.58,500,303.58,0,6,2025-05
563,2025-05-13,Alexandria,Computers,Laptop,Website,Returning,Salesperson_05,2,28000,9.67,5412.74,50587.26,46000,4587.26,0,3,2025-05
584,2025-05-14,Alexandria,Printers,Printer,Store,Returning,Salesperson_01,1,7500,13.71,1028.19,6471.81,5600,871.81,0,2,2025-05
784,2025-05-14,Tanta,Computers,Monitor,Store,New,Salesperson_08,3,8500,5.32,1355.77,24144.23,18600,5544.23,0,1,2025-05
1011,2025-05-14,Tanta,Computers,Laptop,Store,Returning,Salesperson_06,3,28000,15.01,12605.51,71394.49,69000,2394.49,0,2,2025-05
1244,2025-05-14,Alexandria,Components,SSD,Store,New,Salesperson_04,4,3200,0.35,44.37,12755.63,8800,3955.63,0,1,2025-05
22,2025-05-15,Mansoura,Computers,Monitor,Website,Returning,Salesperson_08,2,8500,11.66,1981.93,15018.07,12400,2618.07,0,1,2025-05
792,2025-05-15,Ismailia,Printers,Printer,Store,New,Salesperson_06,2,7500,13.22,1983.24,13016.76,11200,1816.76,0,1,2025-05
794,2025-05-15,Tanta,Accessories,Keyboard,Website,Returning,Salesperson_05,1,1800,11.5,207.08,1592.92,1100,492.92,0,2,2025-05
941,2025-05-15,Ismailia,Accessories,Webcam,Website,New,Salesperson_12,3,2500,12.74,955.51,6544.49,4800,1744.49,0,2,2025-05
978,2025-05-15,Tanta,Accessories,Keyboard,Store,New,Salesperson_01,1,1800,2.84,51.19,0.0,1100,0.0,1,2,2025-05
138,2025-05-16,Tanta,Printers,Printer,Store,Returning,Salesperson_05,4,7500,10.47,3141.63,26858.37,22400,4458.37,0,2,2025-05
146,2025-05-16,Alexandria,Accessories,Mouse,Website,New,Salesperson_13,1,900,8.96,80.67,819.33,500,319.33,0,2,2025-05
962,2025-05-16,Tanta,Accessories,Mouse,Store,New,Salesperson_09,2,900,10.35,186.34,1613.66,1000,613.66,0,1,2025-05
1120,2025-05-16,Tanta,Accessories,Headset,Phone,New,Salesperson_01,1,2200,14.15,311.29,1888.71,1300,588.71,0,4,2025-05
405,2025-05-17,Cairo,Computers,Laptop,Store,Returning,Salesperson_11,2,28000,13.13,7352.5,48647.5,46000,2647.5,0,1,2025-05
1005,2025-05-17,Alexandria,Accessories,Keyboard,Store,New,Salesperson_07,2,1800,9.33,336.0,3264.0,2200,1064.0,0,3,2025-05
1283,2025-05-17,Alexandria,Components,SSD,Website,Returning,Salesperson_03,1,3200,3.26,104.3,3095.7,2200,895.7,0,5,2025-05
1349,2025-05-17,Ismailia,Accessories,Mouse,Phone,Returning,Salesperson_06,2,900,3.01,54.18,1745.82,1000,745.82,0,3,2025-05
1355,2025-05-17,Cairo,Accessories,Keyboard,Website,New,Salesperson_01,3,1800,11.23,606.35,4793.65,3300,1493.65,0,1,2025-05
1397,2025-05-17,Cairo,Components,SSD,Store,New,Salesperson_05,2,3200,8.17,523.12,5876.88,4400,1476.88,0,1,2025-05
340,2025-05-18,Cairo,Accessories,Keyboard,Website,New,Salesperson_07,1,1800,10.48,188.68,1611.32,1100,511.32,0,5,2025-05
364,2025-05-18,Alexandria,Computers,Laptop,Phone,Returning,Salesperson_13,1,28000,3.48,974.17,27025.83,23000,4025.83,0,6,2025-05
868,2025-05-18,Alexandria,Computers,Laptop,Phone,Corporate,Salesperson_14,1,28000,14.08,3943.12,24056.88,23000,1056.88,0,2,2025-05
903,2025-05-18,Cairo,Computers,Laptop,Store,New,Salesperson_07,2,28000,11.52,6449.42,0.0,46000,0.0,1,2,2025-05
1038,2025-05-18,Ismailia,Accessories,Headset,Store,New,Salesperson_09,1,2200,14.04,308.93,1891.07,1300,591.07,0,3,2025-05
1263,2025-05-18,Ismailia,Accessories,Keyboard,Website,Corporate,Salesperson_01,1,1800,12.06,216.99,1583.01,1100,483.01,0,2,2025-05
1476,2025-05-18,Alexandria,Accessories,Webcam,Store,Returning,Salesperson_06,2,2500,8.85,442.31,4557.69,3200,1357.69,0,3,2025-05
1445,2025-05-19,Cairo,Components,SSD,Website,Returning,Salesperson_01,1,3200,16.38,524.12,2675.88,2200,475.88,0,2,2025-05
882,2025-05-20,Ismailia,Computers,Monitor,Website,New,Salesperson_06,3,8500,0.0,0.0,25500.0,18600,6900.0,0,4,2025-05
1404,2025-05-20,Cairo,Components,SSD,Store,Returning,Salesperson_09,2,3200,9.8,627.29,5772.71,4400,1372.71,0,1,2025-05
748,2025-05-21,Tanta,Accessories,Mouse,Store,Returning,Salesperson_13,1,900,4.91,44.2,855.8,500,355.8,0,1,2025-05
853,2025-05-21,Alexandria,Computers,Laptop,Store,Returning,Salesperson_02,3,28000,5.23,4392.19,79607.81,69000,10607.81,0,3,2025-05
1208,2025-05-21,Ismailia,Components,SSD,Website,New,Salesperson_09,1,3200,13.9,444.84,2755.16,2200,555.16,0,6,2025-05
68,2025-05-22,Cairo,Accessories,Mouse,Store,Returning,Salesperson_12,2,900,9.91,178.3,1621.7,1000,621.7,0,2,2025-05
593,2025-05-22,Cairo,Printers,Printer,Website,New,Salesperson_11,1,7500,13.78,1033.53,6466.47,5600,866.47,0,3,2025-05
810,2025-05-22,Tanta,Computers,Laptop,Website,Returning,Salesperson_09,1,28000,7.32,2049.5,25950.5,23000,2950.5,0,5,2025-05
1016,2025-05-22,Alexandria,Computers,Monitor,Store,New,Salesperson_15,1,8500,11.71,995.42,7504.58,6200,1304.58,0,3,2025-05
1049,2025-05-22,Alexandria,Accessories,Webcam,Website,New,Salesperson_03,2,2500,5.86,292.94,4707.06,3200,1507.06,0,3,2025-05
1165,2025-05-22,Mansoura,Computers,Monitor,Phone,Returning,Salesperson_15,1,8500,2.84,241.57,8258.43,6200,2058.43,0,2,2025-05
1328,2025-05-22,Tanta,Accessories,Mouse,Phone,New,Salesperson_13,1,900,1.33,11.98,888.02,500,388.02,0,4,2025-05
1473,2025-05-22,Tanta,Computers,Laptop,Store,Corporate,Salesperson_10,2,28000,8.78,4914.78,51085.22,46000,5085.22,0,2,2025-05
47,2025-05-23,Alexandria,Accessories,Mouse,Website,Corporate,Salesperson_12,1,900,13.06,117.51,782.49,500,282.49,0,4,2025-05
328,2025-05-23,Alexandria,Accessories,Keyboard,Phone,Corporate,Salesperson_05,3,1800,11.24,606.78,4793.22,3300,1493.22,0,2,2025-05
570,2025-05-23,Alexandria,Computers,Monitor,Store,Corporate,Salesperson_06,4,8500,6.91,2350.88,0.0,24800,0.0,1,1,2025-05
667,2025-05-23,Ismailia,Printers,Printer,Store,New,Salesperson_12,3,7500,0.0,0.0,0.0,16800,0.0,1,1,2025-05
828,2025-05-23,Tanta,Accessories,Keyboard,Store,New,Salesperson_07,2,1800,7.2,259.09,3340.91,2200,1140.91,0,6,2025-05
1107,2025-05-23,Alexandria,Accessories,Mouse,Phone,Corporate,Salesperson_02,1,900,6.95,62.54,837.46,500,337.46,0,1,2025-05
1117,2025-05-23,Cairo,Accessories,Webcam,Store,New,Salesperson_15,1,2500,13.02,325.43,2174.57,1600,574.57,0,5,2025-05
1210,2025-05-23,Cairo,Accessories,Headset,Website,Returning,Salesperson_10,1,2200,7.0,153.98,2046.02,1300,746.02,0,2,2025-05
1479,2025-05-23,Cairo,Accessories,Keyboard,Store,Returning,Salesperson_07,2,1800,9.09,327.23,3272.77,2200,1072.77,0,4,2025-05
246,2025-05-24,Alexandria,Computers,Laptop,Website,Returning,Salesperson_07,1,28000,8.38,2347.4,25652.6,23000,2652.6,0,4,2025-05
496,2025-05-24,Alexandria,Accessories,Webcam,Phone,Returning,Salesperson_12,1,2500,0.0,0.0,2500.0,1600,900.0,0,2,2025-05
830,2025-05-24,Tanta,Accessories,Keyboard,Phone,New,Salesperson_10,3,1800,7.63,412.01,4987.99,3300,1687.99,0,2,2025-05
1151,2025-05-24,Cairo,Components,SSD,Phone,New,Salesperson_11,1,3200,6.73,215.22,0.0,2200,0.0,1,4,2025-05
486,2025-05-25,Ismailia,Computers,Laptop,Store,Returning,Salesperson_01,1,28000,5.73,1603.81,26396.19,23000,3396.19,0,1,2025-05
997,2025-05-25,Tanta,Accessories,Headset,Website,New,Salesperson_07,1,2200,8.4,184.89,2015.11,1300,715.11,0,3,2025-05
1325,2025-05-25,Alexandria,Computers,Monitor,Phone,Returning,Salesperson_02,1,8500,4.73,401.88,8098.12,6200,1898.12,0,4,2025-05
1491,2025-05-25,Cairo,Printers,Printer,Website,Returning,Salesperson_06,2,7500,13.0,1950.31,13049.69,11200,1849.69,0,1,2025-05
316,2025-05-26,Tanta,Computers,Monitor,Store,Corporate,Salesperson_09,1,8500,13.98,1188.7,7311.3,6200,1111.3,0,2,2025-05
396,2025-05-26,Cairo,Printers,Printer,Phone,New,Salesperson_06,3,7500,4.13,929.57,21570.43,16800,4770.43,0,5,2025-05
430,2025-05-26,Ismailia,Computers,Monitor,Website,Returning,Salesperson_02,2,8500,12.22,2076.68,14923.32,12400,2523.32,0,1,2025-05
517,2025-05-26,Mansoura,Computers,Laptop,Website,Returning,Salesperson_04,3,28000,8.26,6942.0,77058.0,69000,8058.0,0,2,2025-05
637,2025-05-26,Tanta,Computers,Laptop,Website,Returning,Salesperson_06,1,28000,16.28,4557.39,23442.61,23000,442.61,0,1,2025-05
645,2025-05-26,Mansoura,Components,SSD,Store,New,Salesperson_05,1,3200,4.96,158.85,3041.15,2200,841.15,0,1,2025-05
919,2025-05-26,Cairo,Computers,Monitor,Store,Corporate,Salesperson_04,1,8500,13.46,1144.36,7355.64,6200,1155.64,0,1,2025-05
992,2025-05-26,Mansoura,Accessories,Mouse,Store,Returning,Salesperson_04,1,900,5.25,47.21,852.79,500,352.79,0,3,2025-05
1238,2025-05-26,Alexandria,Accessories,Webcam,Website,New,Salesperson_07,2,2500,6.86,342.85,4657.15,3200,1457.15,0,4,2025-05
1449,2025-05-26,Cairo,Accessories,Keyboard,Website,Returning,Salesperson_02,1,1800,10.69,192.37,1607.63,1100,507.63,0,3,2025-05
118,2025-05-27,Cairo,Accessories,Webcam,Store,Corporate,Salesperson_08,1,2500,9.49,237.35,2262.65,1600,662.65,0,4,2025-05
426,2025-05-27,Tanta,Computers,Monitor,Phone,Returning,Salesperson_07,1,8500,1.89,160.72,8339.28,6200,2139.28,0,1,2025-05
826,2025-05-27,Cairo,Accessories,Webcam,Phone,New,Salesperson_02,1,2500,10.54,263.56,2236.44,1600,636.44,0,1,2025-05
967,2025-05-27,Tanta,Computers,Monitor,Store,New,Salesperson_15,1,8500,17.02,1446.54,7053.46,6200,853.46,0,3,2025-05
1201,2025-05-27,Ismailia,Accessories,Keyboard,Website,New,Salesperson_04,1,1800,7.58,136.42,1663.58,1100,563.58,0,4,2025-05
45,2025-05-28,Cairo,Computers,Laptop,Website,Returning,Salesperson_06,2,28000,11.56,6476.38,49523.62,46000,3523.62,0,5,2025-05
640,2025-05-28,Mansoura,Computers,Monitor,Store,Corporate,Salesperson_04,1,8500,9.32,791.9,7708.1,6200,1508.1,0,4,2025-05
275,2025-05-29,Alexandria,Printers,Printer,Store,New,Salesperson_15,3,7500,13.64,3069.95,19430.05,16800,2630.05,0,2,2025-05
485,2025-05-29,Cairo,Computers,Laptop,Phone,New,Salesperson_10,1,28000,13.56,3797.3,24202.7,23000,1202.7,0,3,2025-05
946,2025-05-29,Cairo,Accessories,Mouse,Store,New,Salesperson_09,3,900,13.51,364.79,2335.21,1500,835.21,0,3,2025-05
2,2025-05-30,Cairo,Accessories,Headset,Phone,New,Salesperson_11,5,2200,16.35,1798.45,0.0,6500,0.0,1,4,2025-05
378,2025-05-30,Mansoura,Computers,Monitor,Phone,New,Salesperson_09,2,8500,13.13,2232.01,14767.99,12400,2367.99,0,4,2025-05
580,2025-05-31,Tanta,Accessories,Mouse,Store,New,Salesperson_14,1,900,2.5,22.5,877.5,500,377.5,0,1,2025-05
591,2025-05-31,Alexandria,Computers,Monitor,Website,New,Salesperson_02,5,8500,10.09,4287.29,38212.71,31000,7212.71,0,3,2025-05
871,2025-05-31,Cairo,Accessories,Webcam,Website,Returning,Salesperson_12,3,2500,10.48,786.03,6713.97,4800,1913.97,0,7,2025-05
1440,2025-05-31,Alexandria,Accessories,Mouse,Website,Returning,Salesperson_09,3,900,7.44,200.79,2499.21,1500,999.21,0,1,2025-05
311,2025-06-01,Ismailia,Accessories,Mouse,Store,New,Salesperson_02,2,900,12.34,222.19,1577.81,1000,577.81,0,4,2025-06
360,2025-06-01,Mansoura,Printers,Printer,Store,New,Salesperson_15,1,7500,4.2,315.33,7184.67,5600,1584.67,0,5,2025-06
1116,2025-06-01,Ismailia,Accessories,Webcam,Store,Returning,Salesperson_14,3,2500,4.78,358.77,7141.23,4800,2341.23,0,4,2025-06
1184,2025-06-01,Alexandria,Computers,Monitor,Store,Returning,Salesperson_05,5,8500,6.7,2845.94,39654.06,31000,8654.06,0,3,2025-06
1258,2025-06-01,Tanta,Accessories,Keyboard,Website,Returning,Salesperson_08,2,1800,10.51,378.29,3221.71,2200,1021.71,0,4,2025-06
1378,2025-06-01,Cairo,Computers,Monitor,Store,New,Salesperson_01,1,8500,7.35,624.51,7875.49,6200,1675.49,0,2,2025-06
1474,2025-06-01,Alexandria,Printers,Printer,Website,Corporate,Salesperson_14,1,7500,16.37,1227.93,6272.07,5600,672.07,0,2,2025-06
73,2025-06-02,Alexandria,Accessories,Keyboard,Website,New,Salesperson_10,1,1800,0.34,6.19,1793.81,1100,693.81,0,5,2025-06
942,2025-06-02,Alexandria,Accessories,Keyboard,Store,Returning,Salesperson_04,2,1800,3.9,140.26,3459.74,2200,1259.74,0,3,2025-06
1140,2025-06-02,Cairo,Accessories,Mouse,Website,New,Salesperson_08,2,900,17.33,311.99,0.0,1000,0.0,1,4,2025-06
1388,2025-06-02,Mansoura,Components,SSD,Store,Returning,Salesperson_01,1,3200,7.04,225.33,2974.67,2200,774.67,0,2,2025-06
204,2025-06-03,Cairo,Accessories,Headset,Store,Corporate,Salesperson_15,3,2200,21.73,1434.28,5165.72,3900,1265.72,0,3,2025-06
269,2025-06-03,Cairo,Printers,Printer,Website,New,Salesperson_14,2,7500,14.1,2115.59,12884.41,11200,1684.41,0,3,2025-06
659,2025-06-03,Cairo,Components,SSD,Phone,New,Salesperson_13,1,3200,6.57,210.36,2989.64,2200,789.64,0,4,2025-06
603,2025-06-04,Cairo,Accessories,Keyboard,Website,New,Salesperson_15,1,1800,8.59,154.62,1645.38,1100,545.38,0,4,2025-06
165,2025-06-05,Alexandria,Computers,Laptop,Website,New,Salesperson_07,2,28000,3.36,1883.17,54116.83,46000,8116.83,0,4,2025-06
689,2025-06-05,Ismailia,Accessories,Keyboard,Store,New,Salesperson_09,5,1800,6.38,574.52,8425.48,5500,2925.48,0,1,2025-06
1115,2025-06-05,Alexandria,Computers,Laptop,Store,Returning,Salesperson_11,2,28000,4.95,2769.47,53230.53,46000,7230.53,0,1,2025-06
1424,2025-06-05,Alexandria,Printers,Printer,Phone,Returning,Salesperson_06,3,7500,7.64,1718.03,20781.97,16800,3981.97,0,1,2025-06
738,2025-06-06,Cairo,Computers,Monitor,Phone,New,Salesperson_11,2,8500,17.06,2900.9,14099.1,12400,1699.1,0,3,2025-06
806,2025-06-06,Cairo,Computers,Laptop,Store,Returning,Salesperson_12,1,28000,11.96,3349.24,24650.76,23000,1650.76,0,2,2025-06
850,2025-06-06,Alexandria,Components,SSD,Store,Returning,Salesperson_13,1,3200,6.89,220.56,2979.44,2200,779.44,0,1,2025-06
1067,2025-06-06,Mansoura,Accessories,Mouse,Store,Returning,Salesperson_12,2,900,15.43,277.74,1522.26,1000,522.26,0,1,2025-06
1106,2025-06-06,Cairo,Accessories,Keyboard,Website,Returning,Salesperson_11,2,1800,11.48,413.12,3186.88,2200,986.88,0,3,2025-06
1493,2025-06-06,Tanta,Accessories,Headset,Website,New,Salesperson_12,1,2200,15.04,330.97,1869.03,1300,569.03,0,2,2025-06
768,2025-06-07,Alexandria,Accessories,Keyboard,Phone,New,Salesperson_14,1,1800,9.09,163.62,1636.38,1100,536.38,0,1,2025-06
1082,2025-06-07,Ismailia,Accessories,Keyboard,Phone,New,Salesperson_14,1,1800,8.74,157.4,1642.6,1100,542.6,0,4,2025-06
1323,2025-06-07,Cairo,Accessories,Headset,Website,Returning,Salesperson_12,2,2200,12.7,558.72,3841.28,2600,1241.28,0,4,2025-06
1433,2025-06-07,Ismailia,Computers,Laptop,Phone,New,Salesperson_01,4,28000,12.37,13849.74,98150.26,92000,6150.26,0,1,2025-06
1460,2025-06-07,Ismailia,Accessories,Keyboard,Website,New,Salesperson_09,1,1800,9.31,167.49,1632.51,1100,532.51,0,2,2025-06
147,2025-06-08,Mansoura,Computers,Laptop,Website,New,Salesperson_10,4,28000,15.09,16900.42,95099.58,92000,3099.58,0,2,2025-06
374,2025-06-08,Tanta,Computers,Monitor,Phone,Corporate,Salesperson_10,4,8500,17.48,5943.76,28056.24,24800,3256.24,0,4,2025-06
395,2025-06-08,Mansoura,Accessories,Keyboard,Phone,Returning,Salesperson_05,1,1800,7.77,139.89,1660.11,1100,560.11,0,2,2025-06
123,2025-06-09,Cairo,Accessories,Keyboard,Store,New,Salesperson_10,3,1800,14.59,788.0,4612.0,3300,1312.0,0,3,2025-06
151,2025-06-09,Ismailia,Computers,Monitor,Website,New,Salesperson_13,1,8500,12.17,1034.27,7465.73,6200,1265.73,0,1,2025-06
732,2025-06-09,Alexandria,Computers,Monitor,Website,New,Salesperson_09,2,8500,9.27,1575.07,15424.93,12400,3024.93,0,3,2025-06
1149,2025-06-09,Cairo,Computers,Monitor,Store,New,Salesperson_11,3,8500,7.12,1815.88,23684.12,18600,5084.12,0,2,2025-06
1218,2025-06-09,Cairo,Computers,Laptop,Store,Corporate,Salesperson_07,3,28000,7.89,6630.12,77369.88,69000,8369.88,0,3,2025-06
412,2025-06-10,Cairo,Accessories,Keyboard,Store,Returning,Salesperson_03,1,1800,10.82,194.82,1605.18,1100,505.18,0,3,2025-06
1017,2025-06-10,Alexandria,Components,SSD,Store,Returning,Salesperson_15,1,3200,6.07,194.38,3005.62,2200,805.62,0,1,2025-06
558,2025-06-11,Ismailia,Computers,Laptop,Store,Returning,Salesperson_11,5,28000,13.38,18734.13,121265.87,115000,6265.87,0,2,2025-06
649,2025-06-11,Tanta,Computers,Monitor,Store,New,Salesperson_14,1,8500,11.65,990.02,7509.98,6200,1309.98,0,1,2025-06
878,2025-06-11,Cairo,Accessories,Mouse,Store,New,Salesperson_02,4,900,17.06,614.06,2985.94,2000,985.94,0,6,2025-06
1363,2025-06-11,Mansoura,Components,SSD,Store,Corporate,Salesperson_12,1,3200,8.46,270.65,2929.35,2200,729.35,0,2,2025-06
206,2025-06-12,Cairo,Accessories,Keyboard,Website,Returning,Salesperson_03,2,1800,5.93,213.34,3386.66,2200,1186.66,0,5,2025-06
403,2025-06-12,Ismailia,Computers,Laptop,Website,New,Salesperson_12,3,28000,9.97,8376.09,75623.91,69000,6623.91,0,3,2025-06
605,2025-06-12,Mansoura,Accessories,Keyboard,Website,New,Salesperson_04,1,1800,15.01,270.25,1529.75,1100,429.75,0,2,2025-06
642,2025-06-12,Alexandria,Accessories,Headset,Store,New,Salesperson_14,1,2200,4.9,107.72,2092.28,1300,792.28,0,2,2025-06
686,2025-06-12,Ismailia,Components,SSD,Website,New,Salesperson_15,1,3200,4.65,148.76,3051.24,2200,851.24,0,4,2025-06
1447,2025-06-12,Alexandria,Accessories,Headset,Store,Returning,Salesperson_08,1,2200,6.71,147.72,2052.28,1300,752.28,0,2,2025-06
48,2025-06-13,Alexandria,Accessories,Keyboard,Website,New,Salesperson_13,5,1800,1.85,166.43,8833.57,5500,3333.57,0,4,2025-06
94,2025-06-13,Mansoura,Computers,Monitor,Website,Returning,Salesperson_04,2,8500,9.88,1679.82,15320.18,12400,2920.18,0,3,2025-06
132,2025-06-13,Tanta,Accessories,Keyboard,Store,New,Salesperson_01,1,1800,0.0,0.0,1800.0,1100,700.0,0,3,2025-06
150,2025-06-13,Cairo,Accessories,Keyboard,Store,New,Salesperson_03,3,1800,20.37,1100.1,4299.9,3300,999.9,0,1,2025-06
277,2025-06-13,Mansoura,Printers,Printer,Website,New,Salesperson_14,3,7500,2.39,536.77,21963.23,16800,5163.23,0,3,2025-06
650,2025-06-13,Cairo,Components,SSD,Store,New,Salesperson_10,3,3200,6.28,603.33,8996.67,6600,2396.67,0,3,2025-06
388,2025-06-14,Cairo,Computers,Laptop,Phone,New,Salesperson_03,1,28000,6.36,1782.13,26217.87,23000,3217.87,0,2,2025-06
755,2025-06-14,Alexandria,Accessories,Keyboard,Store,New,Salesperson_07,1,1800,5.79,104.24,1695.76,1100,595.76,0,1,2025-06
1322,2025-06-14,Mansoura,Computers,Monitor,Store,New,Salesperson_15,1,8500,4.68,398.03,8101.97,6200,1901.97,0,3,2025-06
226,2025-06-15,Mansoura,Accessories,Webcam,Phone,Returning,Salesperson_05,2,2500,4.66,232.81,4767.19,3200,1567.19,0,2,2025-06
708,2025-06-15,Cairo,Components,SSD,Website,New,Salesperson_08,2,3200,4.44,283.87,6116.13,4400,1716.13,0,3,2025-06
728,2025-06-15,Mansoura,Computers,Laptop,Phone,Returning,Salesperson_12,2,28000,5.11,2861.18,53138.82,46000,7138.82,0,1,2025-06
1204,2025-06-15,Cairo,Components,SSD,Store,Corporate,Salesperson_02,1,3200,20.33,650.68,2549.32,2200,349.32,0,2,2025-06
1490,2025-06-15,Ismailia,Computers,Monitor,Phone,New,Salesperson_14,5,8500,10.32,4384.94,38115.06,31000,7115.06,0,4,2025-06
152,2025-06-16,Mansoura,Computers,Laptop,Store,Returning,Salesperson_04,2,28000,10.73,6006.1,49993.9,46000,3993.9,0,2,2025-06
725,2025-06-16,Cairo,Printers,Printer,Phone,New,Salesperson_01,3,7500,8.76,1970.95,20529.05,16800,3729.05,0,6,2025-06
922,2025-06-16,Mansoura,Accessories,Headset,Store,Corporate,Salesperson_07,1,2200,13.59,298.88,1901.12,1300,601.12,0,3,2025-06
286,2025-06-17,Cairo,Accessories,Mouse,Website,Corporate,Salesperson_04,1,900,16.97,152.77,747.23,500,247.23,0,5,2025-06
433,2025-06-17,Cairo,Accessories,Mouse,Store,New,Salesperson_09,2,900,6.94,124.96,1675.04,1000,675.04,0,3,2025-06
573,2025-06-17,Alexandria,Computers,Monitor,Phone,New,Salesperson_07,2,8500,0.09,15.59,16984.41,12400,4584.41,0,4,2025-06
808,2025-06-17,Cairo,Accessories,Webcam,Store,New,Salesperson_14,1,2500,7.81,195.37,2304.63,1600,704.63,0,4,2025-06
884,2025-06-17,Mansoura,Accessories,Mouse,Website,New,Salesperson_12,1,900,8.72,78.5,821.5,500,321.5,0,4,2025-06
1037,2025-06-17,Cairo,Computers,Monitor,Store,New,Salesperson_11,1,8500,9.2,782.37,7717.63,6200,1517.63,0,4,2025-06
1275,2025-06-17,Ismailia,Computers,Monitor,Store,Returning,Salesperson_02,4,8500,6.92,2352.04,31647.96,24800,6847.96,0,2,2025-06
660,2025-06-18,Cairo,Accessories,Mouse,Store,Corporate,Salesperson_09,1,900,12.39,111.54,788.46,500,288.46,0,2,2025-06
847,2025-06-18,Ismailia,Components,SSD,Store,Corporate,Salesperson_09,1,3200,12.92,413.45,2786.55,2200,586.55,0,2,2025-06
149,2025-06-19,Tanta,Accessories,Keyboard,Store,Returning,Salesperson_02,1,1800,6.82,122.76,1677.24,1100,577.24,0,4,2025-06
562,2025-06-19,Mansoura,Accessories,Headset,Store,Corporate,Salesperson_08,1,2200,11.84,260.41,1939.59,1300,639.59,0,3,2025-06
11,2025-06-20,Cairo,Accessories,Webcam,Website,Returning,Salesperson_04,3,2500,6.13,459.91,7040.09,4800,2240.09,0,4,2025-06
1212,2025-06-20,Cairo,Accessories,Keyboard,Store,New,Salesperson_08,2,1800,3.35,120.62,3479.38,2200,1279.38,0,3,2025-06
1232,2025-06-20,Alexandria,Accessories,Keyboard,Store,Returning,Salesperson_11,1,1800,11.37,204.59,1595.41,1100,495.41,0,3,2025-06
24,2025-06-21,Tanta,Accessories,Webcam,Phone,New,Salesperson_03,1,2500,7.5,187.59,2312.41,1600,712.41,0,3,2025-06
215,2025-06-21,Cairo,Computers,Laptop,Phone,Returning,Salesperson_12,3,28000,11.26,9456.99,74543.01,69000,5543.01,0,4,2025-06
814,2025-06-21,Cairo,Printers,Printer,Store,Corporate,Salesperson_01,1,7500,14.86,1114.36,6385.64,5600,785.64,0,4,2025-06
1146,2025-06-21,Alexandria,Accessories,Webcam,Phone,Returning,Salesperson_11,1,2500,7.24,181.02,2318.98,1600,718.98,0,1,2025-06
1235,2025-06-21,Alexandria,Computers,Laptop,Website,Returning,Salesperson_14,1,28000,4.9,1373.01,26626.99,23000,3626.99,0,5,2025-06
93,2025-06-22,Mansoura,Accessories,Keyboard,Website,New,Salesperson_11,1,1800,10.09,181.6,1618.4,1100,518.4,0,3,2025-06
324,2025-06-22,Mansoura,Accessories,Keyboard,Store,Returning,Salesperson_08,3,1800,7.37,398.19,5001.81,3300,1701.81,0,4,2025-06
800,2025-06-22,Cairo,Accessories,Keyboard,Phone,Returning,Salesperson_11,3,1800,10.36,559.41,4840.59,3300,1540.59,0,3,2025-06
861,2025-06-22,Mansoura,Accessories,Headset,Website,Returning,Salesperson_01,1,2200,5.76,126.79,2073.21,1300,773.21,0,5,2025-06
1079,2025-06-22,Mansoura,Computers,Laptop,Website,New,Salesperson_05,1,28000,13.47,3772.44,24227.56,23000,1227.56,0,3,2025-06
301,2025-06-23,Alexandria,Accessories,Mouse,Store,Corporate,Salesperson_11,1,900,10.43,93.83,806.17,500,306.17,0,4,2025-06
350,2025-06-23,Ismailia,Accessories,Webcam,Website,Returning,Salesperson_15,1,2500,12.47,311.72,2188.28,1600,588.28,0,5,2025-06
473,2025-06-23,Tanta,Accessories,Keyboard,Website,New,Salesperson_11,4,1800,15.55,1119.84,6080.16,4400,1680.16,0,3,2025-06
253,2025-06-24,Cairo,Accessories,Headset,Website,Corporate,Salesperson_12,3,2200,16.35,1079.41,5520.59,3900,1620.59,0,4,2025-06
265,2025-06-24,Tanta,Computers,Monitor,Website,Corporate,Salesperson_15,2,8500,9.14,1554.43,15445.57,12400,3045.57,0,2,2025-06
753,2025-06-24,Alexandria,Accessories,Mouse,Website,New,Salesperson_15,3,900,2.58,69.75,2630.25,1500,1130.25,0,5,2025-06
1293,2025-06-24,Cairo,Accessories,Headset,Store,Returning,Salesperson_10,1,2200,8.39,184.67,2015.33,1300,715.33,0,4,2025-06
1375,2025-06-24,Cairo,Computers,Laptop,Website,Returning,Salesperson_06,3,28000,12.0,10081.59,73918.41,69000,4918.41,0,2,2025-06
531,2025-06-25,Tanta,Computers,Monitor,Store,Returning,Salesperson_05,2,8500,16.25,2763.01,14236.99,12400,1836.99,0,3,2025-06
889,2025-06-25,Cairo,Computers,Laptop,Store,New,Salesperson_04,2,28000,6.03,3375.84,52624.16,46000,6624.16,0,4,2025-06
897,2025-06-25,Tanta,Printers,Printer,Phone,Returning,Salesperson_01,3,7500,6.75,1518.59,20981.41,16800,4181.41,0,1,2025-06
1260,2025-06-25,Mansoura,Accessories,Keyboard,Store,Returning,Salesperson_11,2,1800,4.26,153.2,3446.8,2200,1246.8,0,1,2025-06
1383,2025-06-25,Mansoura,Printers,Printer,Website,New,Salesperson_08,1,7500,10.42,781.37,6718.63,5600,1118.63,0,1,2025-06
82,2025-06-26,Mansoura,Computers,Monitor,Store,New,Salesperson_06,2,8500,7.85,1334.82,15665.18,12400,3265.18,0,3,2025-06
166,2025-06-27,Cairo,Components,SSD,Website,New,Salesperson_02,1,3200,16.83,538.6,2661.4,2200,461.4,0,3,2025-06
195,2025-06-27,Mansoura,Accessories,Keyboard,Store,Returning,Salesperson_01,2,1800,12.05,433.74,3166.26,2200,966.26,0,1,2025-06
323,2025-06-27,Alexandria,Printers,Printer,Website,Returning,Salesperson_01,1,7500,5.13,384.92,7115.08,5600,1515.08,0,4,2025-06
447,2025-06-27,Alexandria,Accessories,Mouse,Store,Returning,Salesperson_13,3,900,7.4,199.75,2500.25,1500,1000.25,0,3,2025-06
520,2025-06-27,Cairo,Printers,Printer,Website,Returning,Salesperson_11,2,7500,16.81,2521.23,12478.77,11200,1278.77,0,4,2025-06
866,2025-06-27,Cairo,Computers,Monitor,Website,New,Salesperson_14,2,8500,17.34,2948.5,14051.5,12400,1651.5,0,3,2025-06
619,2025-06-28,Cairo,Computers,Laptop,Phone,Returning,Salesperson_06,1,28000,13.55,3794.94,0.0,23000,0.0,1,1,2025-06
862,2025-06-28,Ismailia,Accessories,Mouse,Website,New,Salesperson_02,4,900,7.35,264.64,3335.36,2000,1335.36,0,4,2025-06
1092,2025-06-28,Ismailia,Computers,Laptop,Store,Returning,Salesperson_04,4,28000,7.38,8267.13,103732.87,92000,11732.87,0,2,2025-06
1411,2025-06-28,Cairo,Accessories,Keyboard,Phone,Returning,Salesperson_08,2,1800,6.8,244.64,3355.36,2200,1155.36,0,3,2025-06
352,2025-06-29,Alexandria,Accessories,Mouse,Store,New,Salesperson_03,2,900,12.8,230.37,1569.63,1000,569.63,0,2,2025-06
780,2025-06-29,Mansoura,Computers,Laptop,Store,Corporate,Salesperson_03,2,28000,9.39,5259.95,50740.05,46000,4740.05,0,2,2025-06
1243,2025-06-29,Ismailia,Accessories,Webcam,Phone,New,Salesperson_06,3,2500,0.0,0.0,7500.0,4800,2700.0,0,2,2025-06
1392,2025-06-29,Ismailia,Accessories,Webcam,Phone,Returning,Salesperson_06,1,2500,5.22,130.41,2369.59,1600,769.59,0,1,2025-06
278,2025-06-30,Mansoura,Computers,Laptop,Store,Returning,Salesperson_03,1,28000,3.65,1022.28,26977.72,23000,3977.72,0,1,2025-06
937,2025-06-30,Tanta,Computers,Monitor,Website,New,Salesperson_07,1,8500,14.95,1270.6,7229.4,6200,1029.4,0,2,2025-06
1130,2025-06-30,Mansoura,Components,SSD,Phone,New,Salesperson_06,3,3200,14.17,1360.73,8239.27,6600,1639.27,0,2,2025-06
1148,2025-06-30,Cairo,Accessories,Webcam,Store,Corporate,Salesperson_01,1,2500,14.39,359.64,2140.36,1600,540.36,0,3,2025-06
617,2025-07-01,Cairo,Accessories,Headset,Store,Returning,Salesperson_05,2,2200,12.79,562.63,3837.37,2600,1237.37,0,1,2025-07
1327,2025-07-01,Cairo,Printers,Printer,Store,Returning,Salesperson_06,3,7500,11.65,2620.13,19879.87,16800,3079.87,0,1,2025-07
1269,2025-07-02,Cairo,Accessories,Keyboard,Store,New,Salesperson_03,1,1800,10.57,190.32,1609.68,1100,509.68,0,1,2025-07
1177,2025-07-03,Mansoura,Accessories,Keyboard,Store,New,Salesperson_04,2,1800,10.94,393.8,3206.2,2200,1006.2,0,1,2025-07
556,2025-07-04,Cairo,Computers,Laptop,Store,New,Salesperson_02,2,28000,12.64,7078.78,48921.22,46000,2921.22,0,3,2025-07
803,2025-07-04,Mansoura,Accessories,Mouse,Store,New,Salesperson_13,1,900,0.94,8.45,891.55,500,391.55,0,5,2025-07
1278,2025-07-04,Cairo,Computers,Monitor,Website,New,Salesperson_15,2,8500,11.85,2014.91,14985.09,12400,2585.09,0,5,2025-07
29,2025-07-05,Ismailia,Computers,Monitor,Website,New,Salesperson_05,1,8500,7.61,647.04,7852.96,6200,1652.96,0,4,2025-07
260,2025-07-05,Tanta,Accessories,Mouse,Store,New,Salesperson_09,1,900,6.96,62.61,837.39,500,337.39,0,1,2025-07
505,2025-07-05,Mansoura,Accessories,Mouse,Store,Corporate,Salesperson_14,2,900,10.93,196.66,1603.34,1000,603.34,0,1,2025-07
628,2025-07-05,Tanta,Accessories,Mouse,Store,Returning,Salesperson_10,5,900,12.25,551.22,3948.78,2500,1448.78,0,4,2025-07
715,2025-07-05,Cairo,Computers,Laptop,Phone,New,Salesperson_14,1,28000,7.89,2208.12,25791.88,23000,2791.88,0,2,2025-07
1015,2025-07-05,Tanta,Accessories,Mouse,Phone,Returning,Salesperson_10,2,900,1.68,30.17,1769.83,1000,769.83,0,1,2025-07
1111,2025-07-05,Alexandria,Accessories,Keyboard,Store,Returning,Salesperson_07,4,1800,10.42,750.39,6449.61,4400,2049.61,0,2,2025-07
1268,2025-07-05,Cairo,Accessories,Mouse,Website,Returning,Salesperson_03,1,900,16.36,147.23,752.77,500,252.77,0,4,2025-07
1382,2025-07-05,Mansoura,Components,SSD,Website,New,Salesperson_08,1,3200,10.03,321.1,2878.9,2200,678.9,0,3,2025-07
695,2025-07-06,Alexandria,Accessories,Keyboard,Website,Corporate,Salesperson_02,2,1800,18.62,670.35,2929.65,2200,729.65,0,2,2025-07
697,2025-07-06,Ismailia,Computers,Laptop,Store,Returning,Salesperson_13,1,28000,4.93,1380.88,26619.12,23000,3619.12,0,1,2025-07
1316,2025-07-06,Ismailia,Computers,Monitor,Store,Returning,Salesperson_14,2,8500,4.17,709.32,16290.68,12400,3890.68,0,3,2025-07
1331,2025-07-06,Cairo,Computers,Laptop,Website,New,Salesperson_09,1,28000,18.5,5180.37,22819.63,23000,-180.37,0,2,2025-07
1354,2025-07-06,Cairo,Computers,Monitor,Website,New,Salesperson_04,2,8500,14.68,2495.76,14504.24,12400,2104.24,0,3,2025-07
25,2025-07-07,Tanta,Computers,Monitor,Store,Corporate,Salesperson_10,1,8500,12.86,1092.79,7407.21,6200,1207.21,0,1,2025-07
244,2025-07-07,Ismailia,Printers,Printer,Phone,Returning,Salesperson_14,1,7500,4.72,353.93,7146.07,5600,1546.07,0,2,2025-07
303,2025-07-07,Mansoura,Accessories,Mouse,Website,New,Salesperson_13,3,900,9.51,256.79,2443.21,1500,943.21,0,1,2025-07
559,2025-07-07,Ismailia,Components,SSD,Store,Returning,Salesperson_14,2,3200,3.63,232.41,6167.59,4400,1767.59,0,2,2025-07
648,2025-07-07,Mansoura,Accessories,Webcam,Website,New,Salesperson_06,2,2500,4.65,232.6,4767.4,3200,1567.4,0,3,2025-07
916,2025-07-07,Cairo,Computers,Laptop,Store,Returning,Salesperson_10,4,28000,13.68,15321.26,96678.74,92000,4678.74,0,5,2025-07
180,2025-07-08,Mansoura,Accessories,Mouse,Store,New,Salesperson_08,1,900,12.01,108.07,791.93,500,291.93,0,3,2025-07
456,2025-07-08,Alexandria,Components,SSD,Phone,New,Salesperson_10,3,3200,9.11,874.51,8725.49,6600,2125.49,0,2,2025-07
964,2025-07-08,Tanta,Computers,Laptop,Store,Returning,Salesperson_03,1,28000,6.81,1905.87,0.0,23000,0.0,1,1,2025-07
1046,2025-07-08,Cairo,Accessories,Headset,Phone,Returning,Salesperson_03,2,2200,10.29,452.74,3947.26,2600,1347.26,0,3,2025-07
1085,2025-07-08,Tanta,Computers,Monitor,Phone,New,Salesperson_08,1,8500,10.79,916.92,7583.08,6200,1383.08,0,5,2025-07
1282,2025-07-08,Cairo,Computers,Monitor,Website,New,Salesperson_03,1,8500,16.55,1407.06,7092.94,6200,892.94,0,3,2025-07
449,2025-07-09,Tanta,Computers,Monitor,Website,New,Salesperson_12,1,8500,9.6,815.62,7684.38,6200,1484.38,0,2,2025-07
597,2025-07-09,Alexandria,Computers,Laptop,Store,Corporate,Salesperson_05,1,28000,12.19,3414.59,24585.41,23000,1585.41,0,1,2025-07
622,2025-07-09,Ismailia,Printers,Printer,Website,Returning,Salesperson_15,2,7500,12.69,1903.14,13096.86,11200,1896.86,0,4,2025-07
893,2025-07-09,Cairo,Computers,Monitor,Website,New,Salesperson_05,1,8500,8.71,740.46,7759.54,6200,1559.54,0,1,2025-07
1339,2025-07-09,Ismailia,Computers,Monitor,Store,New,Salesperson_05,2,8500,4.99,847.7,16152.3,12400,3752.3,0,4,2025-07
346,2025-07-10,Ismailia,Computers,Monitor,Store,New,Salesperson_08,1,8500,5.81,493.59,8006.41,6200,1806.41,0,3,2025-07
446,2025-07-10,Cairo,Accessories,Headset,Website,Returning,Salesperson_01,1,2200,11.75,258.58,1941.42,1300,641.42,0,4,2025-07
1472,2025-07-10,Cairo,Accessories,Webcam,Website,Returning,Salesperson_07,2,2500,11.09,554.66,4445.34,3200,1245.34,0,2,2025-07
38,2025-07-11,Ismailia,Accessories,Headset,Store,New,Salesperson_07,2,2200,8.72,383.77,4016.23,2600,1416.23,0,4,2025-07
402,2025-07-12,Alexandria,Accessories,Keyboard,Store,Returning,Salesperson_12,3,1800,14.63,790.17,4609.83,3300,1309.83,0,3,2025-07
661,2025-07-12,Cairo,Accessories,Keyboard,Website,Corporate,Salesperson_03,4,1800,13.72,987.75,6212.25,4400,1812.25,0,1,2025-07
1019,2025-07-12,Tanta,Accessories,Keyboard,Store,Returning,Salesperson_15,3,1800,10.27,554.83,4845.17,3300,1545.17,0,3,2025-07
1098,2025-07-12,Alexandria,Computers,Monitor,Phone,New,Salesperson_14,2,8500,15.45,2625.73,14374.27,12400,1974.27,0,3,2025-07
1309,2025-07-12,Alexandria,Accessories,Keyboard,Website,New,Salesperson_15,1,1800,8.98,161.73,1638.27,1100,538.27,0,1,2025-07
490,2025-07-13,Tanta,Components,SSD,Website,Returning,Salesperson_06,1,3200,6.59,210.73,2989.27,2200,789.27,0,6,2025-07
589,2025-07-13,Cairo,Components,SSD,Website,New,Salesperson_05,2,3200,21.35,1366.53,5033.47,4400,633.47,0,3,2025-07
1108,2025-07-13,Tanta,Accessories,Keyboard,Website,Returning,Salesperson_13,1,1800,11.23,202.21,1597.79,1100,497.79,0,2,2025-07
1159,2025-07-13,Cairo,Accessories,Headset,Website,Returning,Salesperson_15,1,2200,17.91,393.99,1806.01,1300,506.01,0,4,2025-07
1301,2025-07-13,Cairo,Accessories,Mouse,Store,Returning,Salesperson_06,2,900,12.62,227.07,1572.93,1000,572.93,0,3,2025-07
1419,2025-07-13,Cairo,Components,SSD,Phone,Returning,Salesperson_11,2,3200,12.54,802.53,5597.47,4400,1197.47,0,3,2025-07
397,2025-07-14,Cairo,Printers,Printer,Store,Corporate,Salesperson_01,1,7500,13.85,1038.64,0.0,5600,0.0,1,2,2025-07
504,2025-07-14,Mansoura,Computers,Laptop,Phone,Returning,Salesperson_15,1,28000,0.0,0.0,28000.0,23000,5000.0,0,4,2025-07
709,2025-07-14,Alexandria,Computers,Monitor,Website,Returning,Salesperson_15,2,8500,11.71,1991.43,15008.57,12400,2608.57,0,3,2025-07
1413,2025-07-14,Tanta,Accessories,Mouse,Website,Returning,Salesperson_08,2,900,9.37,168.7,1631.3,1000,631.3,0,4,2025-07
169,2025-07-15,Tanta,Computers,Monitor,Website,Returning,Salesperson_01,2,8500,8.27,1406.18,15593.82,12400,3193.82,0,4,2025-07
691,2025-07-15,Cairo,Printers,Printer,Phone,Corporate,Salesperson_14,1,7500,14.73,1104.47,6395.53,5600,795.53,0,3,2025-07
1136,2025-07-15,Mansoura,Computers,Monitor,Store,Returning,Salesperson_08,3,8500,11.56,2947.76,22552.24,18600,3952.24,0,6,2025-07
1313,2025-07-15,Mansoura,Printers,Printer,Website,Returning,Salesperson_02,2,7500,0.0,0.0,15000.0,11200,3800.0,0,5,2025-07
425,2025-07-16,Cairo,Computers,Monitor,Website,Returning,Salesperson_11,2,8500,15.26,2594.54,14405.46,12400,2005.46,0,2,2025-07
440,2025-07-16,Mansoura,Accessories,Headset,Phone,New,Salesperson_10,1,2200,12.78,281.14,1918.86,1300,618.86,0,4,2025-07
483,2025-07-16,Cairo,Computers,Laptop,Website,New,Salesperson_12,1,28000,10.2,2857.12,25142.88,23000,2142.88,0,2,2025-07
514,2025-07-16,Cairo,Components,SSD,Store,New,Salesperson_14,1,3200,8.37,267.92,2932.08,2200,732.08,0,2,2025-07
1042,2025-07-16,Cairo,Components,SSD,Website,Corporate,Salesperson_13,4,3200,16.01,2048.75,10751.25,8800,1951.25,0,3,2025-07
1448,2025-07-16,Cairo,Computers,Laptop,Website,New,Salesperson_08,2,28000,10.67,5977.44,50022.56,46000,4022.56,0,2,2025-07
370,2025-07-17,Ismailia,Accessories,Mouse,Store,Corporate,Salesperson_15,3,900,9.12,246.2,2453.8,1500,953.8,0,1,2025-07
688,2025-07-17,Mansoura,Computers,Monitor,Phone,Returning,Salesperson_13,1,8500,5.9,501.15,7998.85,6200,1798.85,0,4,2025-07
977,2025-07-17,Alexandria,Components,SSD,Website,Returning,Salesperson_01,1,3200,2.32,74.2,3125.8,2200,925.8,0,1,2025-07
1077,2025-07-17,Mansoura,Computers,Monitor,Store,New,Salesperson_07,1,8500,11.88,1009.44,7490.56,6200,1290.56,0,4,2025-07
1200,2025-07-17,Ismailia,Accessories,Keyboard,Store,Returning,Salesperson_09,1,1800,5.51,99.1,1700.9,1100,600.9,0,1,2025-07
1289,2025-07-17,Ismailia,Printers,Printer,Store,New,Salesperson_04,2,7500,1.46,219.53,14780.47,11200,3580.47,0,1,2025-07
1389,2025-07-17,Cairo,Components,SSD,Website,New,Salesperson_14,2,3200,10.32,660.77,5739.23,4400,1339.23,0,2,2025-07
1403,2025-07-17,Tanta,Accessories,Mouse,Website,New,Salesperson_10,2,900,7.65,137.79,1662.21,1000,662.21,0,3,2025-07
1114,2025-07-18,Mansoura,Accessories,Keyboard,Store,Corporate,Salesperson_03,1,1800,12.4,223.11,1576.89,1100,476.89,0,3,2025-07
901,2025-07-19,Mansoura,Accessories,Headset,Store,New,Salesperson_07,2,2200,6.01,264.28,4135.72,2600,1535.72,0,3,2025-07
1227,2025-07-19,Cairo,Accessories,Keyboard,Store,New,Salesperson_05,3,1800,12.31,664.85,4735.15,3300,1435.15,0,4,2025-07
17,2025-07-20,Alexandria,Computers,Monitor,Store,Returning,Salesperson_07,2,8500,8.04,1366.22,15633.78,12400,3233.78,0,2,2025-07
394,2025-07-20,Ismailia,Printers,Printer,Phone,Returning,Salesperson_02,3,7500,12.78,2875.11,19624.89,16800,2824.89,0,4,2025-07
634,2025-07-21,Cairo,Printers,Printer,Phone,Returning,Salesperson_02,1,7500,11.29,846.65,0.0,5600,0.0,1,2,2025-07
647,2025-07-21,Alexandria,Computers,Monitor,Website,Corporate,Salesperson_05,1,8500,17.84,1516.13,6983.87,6200,783.87,0,4,2025-07
877,2025-07-21,Cairo,Accessories,Webcam,Website,Returning,Salesperson_12,1,2500,7.54,188.55,2311.45,1600,711.45,0,1,2025-07
1251,2025-07-21,Ismailia,Printers,Printer,Store,Corporate,Salesperson_02,4,7500,11.96,3587.75,26412.25,22400,4012.25,0,3,2025-07
1306,2025-07-21,Cairo,Accessories,Keyboard,Website,Returning,Salesperson_10,1,1800,6.15,110.62,1689.38,1100,589.38,0,5,2025-07
67,2025-07-22,Ismailia,Computers,Monitor,Website,New,Salesperson_10,1,8500,10.62,902.62,7597.38,6200,1397.38,0,1,2025-07
469,2025-07-22,Cairo,Accessories,Mouse,Store,New,Salesperson_02,1,900,8.69,78.23,821.77,500,321.77,0,3,2025-07
641,2025-07-22,Cairo,Computers,Laptop,Phone,Returning,Salesperson_03,1,28000,15.66,4385.65,23614.35,23000,614.35,0,6,2025-07
1013,2025-07-22,Cairo,Computers,Monitor,Store,New,Salesperson_14,2,8500,10.08,1714.35,15285.65,12400,2885.65,0,6,2025-07
1043,2025-07-22,Cairo,Printers,Printer,Website,Returning,Salesperson_02,1,7500,7.95,596.44,6903.56,5600,1303.56,0,3,2025-07
1158,2025-07-22,Alexandria,Accessories,Headset,Store,New,Salesperson_07,2,2200,11.81,519.76,3880.24,2600,1280.24,0,1,2025-07
125,2025-07-23,Tanta,Accessories,Headset,Phone,New,Salesperson_03,3,2200,13.27,875.79,5724.21,3900,1824.21,0,3,2025-07
519,2025-07-23,Cairo,Computers,Monitor,Store,New,Salesperson_12,1,8500,12.15,1032.79,0.0,6200,0.0,1,3,2025-07
614,2025-07-23,Cairo,Accessories,Mouse,Store,Returning,Salesperson_01,3,900,13.42,362.24,2337.76,1500,837.76,0,5,2025-07
643,2025-07-23,Ismailia,Printers,Printer,Website,Returning,Salesperson_07,2,7500,13.98,2097.51,12902.49,11200,1702.49,0,2,2025-07
1129,2025-07-23,Cairo,Components,SSD,Website,Returning,Salesperson_02,2,3200,6.87,439.86,5960.14,4400,1560.14,0,2,2025-07
1370,2025-07-23,Tanta,Accessories,Keyboard,Website,New,Salesperson_15,1,1800,7.69,138.46,1661.54,1100,561.54,0,4,2025-07
754,2025-07-24,Ismailia,Printers,Printer,Website,New,Salesperson_11,1,7500,13.83,1037.4,6462.6,5600,862.6,0,1,2025-07
935,2025-07-24,Tanta,Components,SSD,Website,New,Salesperson_01,3,3200,10.56,1013.92,8586.08,6600,1986.08,0,2,2025-07
1298,2025-07-24,Tanta,Accessories,Keyboard,Store,Returning,Salesperson_14,1,1800,8.78,158.01,1641.99,1100,541.99,0,4,2025-07
864,2025-07-25,Alexandria,Accessories,Headset,Phone,New,Salesperson_10,3,2200,13.62,898.79,5701.21,3900,1801.21,0,5,2025-07
1360,2025-07-25,Alexandria,Accessories,Keyboard,Website,New,Salesperson_02,1,1800,10.17,183.09,1616.91,1100,516.91,0,2,2025-07
54,2025-07-26,Mansoura,Accessories,Mouse,Phone,Corporate,Salesperson_15,2,900,12.22,219.89,1580.11,1000,580.11,0,3,2025-07
128,2025-07-26,Cairo,Accessories,Keyboard,Phone,Returning,Salesperson_08,2,1800,3.04,109.54,3490.46,2200,1290.46,0,3,2025-07
314,2025-07-26,Tanta,Computers,Monitor,Website,Corporate,Salesperson_09,2,8500,17.7,3009.74,13990.26,12400,1590.26,0,4,2025-07
1001,2025-07-26,Ismailia,Accessories,Mouse,Store,Returning,Salesperson_11,2,900,5.37,96.59,1703.41,1000,703.41,0,1,2025-07
1024,2025-07-26,Ismailia,Accessories,Keyboard,Website,Returning,Salesperson_10,1,1800,8.91,160.45,1639.55,1100,539.55,0,4,2025-07
1157,2025-07-26,Cairo,Components,SSD,Store,New,Salesperson_12,1,3200,15.37,491.71,2708.29,2200,508.29,0,2,2025-07
1262,2025-07-26,Alexandria,Accessories,Mouse,Phone,New,Salesperson_01,3,900,7.48,201.97,2498.03,1500,998.03,0,2,2025-07
373,2025-07-27,Mansoura,Computers,Laptop,Store,New,Salesperson_11,3,28000,1.94,1631.38,82368.62,69000,13368.62,0,3,2025-07
408,2025-07-27,Cairo,Printers,Printer,Website,New,Salesperson_07,2,7500,17.7,2655.54,12344.46,11200,1144.46,0,2,2025-07
491,2025-07-27,Alexandria,Accessories,Webcam,Store,Returning,Salesperson_13,4,2500,11.71,1170.75,8829.25,6400,2429.25,0,5,2025-07
615,2025-07-27,Tanta,Accessories,Keyboard,Store,Returning,Salesperson_01,4,1800,7.45,536.11,6663.89,4400,2263.89,0,2,2025-07
737,2025-07-27,Mansoura,Printers,Printer,Store,Returning,Salesperson_01,1,7500,8.03,602.57,6897.43,5600,1297.43,0,3,2025-07
844,2025-07-27,Cairo,Accessories,Keyboard,Phone,New,Salesperson_03,2,1800,13.21,475.61,3124.39,2200,924.39,0,6,2025-07
969,2025-07-27,Cairo,Computers,Monitor,Store,Returning,Salesperson_01,3,8500,15.86,4043.05,21456.95,18600,2856.95,0,1,2025-07
1470,2025-07-27,Tanta,Accessories,Headset,Store,New,Salesperson_07,1,2200,11.04,242.83,1957.17,1300,657.17,0,1,2025-07
743,2025-07-28,Tanta,Accessories,Mouse,Website,New,Salesperson_14,1,900,12.32,110.92,789.08,500,289.08,0,4,2025-07
876,2025-07-28,Cairo,Accessories,Headset,Website,New,Salesperson_12,3,2200,19.92,1314.74,5285.26,3900,1385.26,0,3,2025-07
1194,2025-07-28,Ismailia,Accessories,Keyboard,Store,Corporate,Salesperson_15,1,1800,15.29,275.23,1524.77,1100,424.77,0,3,2025-07
1428,2025-07-28,Cairo,Accessories,Mouse,Store,Returning,Salesperson_12,2,900,10.91,196.42,1603.58,1000,603.58,0,2,2025-07
1452,2025-07-28,Tanta,Computers,Laptop,Store,Returning,Salesperson_04,2,28000,13.56,7593.14,48406.86,46000,2406.86,0,5,2025-07
536,2025-07-29,Cairo,Accessories,Mouse,Phone,Corporate,Salesperson_01,1,900,11.72,105.5,794.5,500,294.5,0,1,2025-07
569,2025-07-29,Cairo,Accessories,Mouse,Store,New,Salesperson_06,1,900,11.11,99.97,800.03,500,300.03,0,3,2025-07
970,2025-07-29,Tanta,Accessories,Mouse,Phone,New,Salesperson_03,2,900,5.09,91.53,1708.47,1000,708.47,0,1,2025-07
1295,2025-07-29,Mansoura,Components,SSD,Website,New,Salesperson_07,3,3200,14.63,1404.05,8195.95,6600,1595.95,0,1,2025-07
1302,2025-07-29,Tanta,Computers,Monitor,Store,New,Salesperson_04,2,8500,12.87,2188.26,14811.74,12400,2411.74,0,4,2025-07
173,2025-07-30,Ismailia,Computers,Monitor,Store,New,Salesperson_12,2,8500,4.87,828.44,0.0,12400,0.0,1,4,2025-07
186,2025-07-30,Cairo,Accessories,Keyboard,Website,Returning,Salesperson_02,3,1800,0.91,48.91,5351.09,3300,2051.09,0,3,2025-07
516,2025-07-30,Alexandria,Accessories,Headset,Store,Returning,Salesperson_06,1,2200,6.81,149.85,2050.15,1300,750.15,0,2,2025-07
646,2025-07-30,Mansoura,Computers,Laptop,Website,Returning,Salesperson_11,1,28000,14.02,3925.21,24074.79,23000,1074.79,0,3,2025-07
1075,2025-07-30,Cairo,Accessories,Headset,Store,Returning,Salesperson_06,2,2200,8.89,391.34,4008.66,2600,1408.66,0,2,2025-07
337,2025-07-31,Cairo,Accessories,Headset,Website,Returning,Salesperson_01,4,2200,10.22,899.66,7900.34,5200,2700.34,0,3,2025-07
168,2025-08-01,Cairo,Computers,Laptop,Store,New,Salesperson_14,1,28000,10.46,2928.67,25071.33,23000,2071.33,0,5,2025-08
177,2025-08-01,Ismailia,Accessories,Mouse,Store,Corporate,Salesperson_15,2,900,14.98,269.73,1530.27,1000,530.27,0,2,2025-08
227,2025-08-01,Mansoura,Computers,Monitor,Website,Returning,Salesperson_09,1,8500,13.69,1163.8,7336.2,6200,1136.2,0,2,2025-08
983,2025-08-01,Alexandria,Components,SSD,Website,Returning,Salesperson_12,2,3200,6.71,429.47,5970.53,4400,1570.53,0,4,2025-08
198,2025-08-02,Cairo,Computers,Laptop,Website,New,Salesperson_08,1,28000,12.34,3456.4,24543.6,23000,1543.6,0,4,2025-08
522,2025-08-02,Ismailia,Computers,Laptop,Store,Returning,Salesperson_08,1,28000,10.16,2844.41,25155.59,23000,2155.59,0,2,2025-08
594,2025-08-02,Cairo,Computers,Monitor,Phone,New,Salesperson_03,1,8500,7.41,630.1,7869.9,6200,1669.9,0,6,2025-08
698,2025-08-02,Mansoura,Computers,Laptop,Store,New,Salesperson_02,2,28000,2.53,1415.51,54584.49,46000,8584.49,0,1,2025-08
834,2025-08-02,Mansoura,Components,SSD,Phone,Returning,Salesperson_05,1,3200,8.4,268.82,2931.18,2200,731.18,0,5,2025-08
1320,2025-08-02,Tanta,Printers,Printer,Store,New,Salesperson_08,3,7500,7.25,1631.42,20868.58,16800,4068.58,0,2,2025-08
1345,2025-08-02,Mansoura,Components,SSD,Website,New,Salesperson_15,2,3200,8.57,548.63,5851.37,4400,1451.37,0,2,2025-08
1463,2025-08-02,Cairo,Accessories,Mouse,Store,Returning,Salesperson_07,2,900,16.04,288.7,1511.3,1000,511.3,0,3,2025-08
321,2025-08-03,Ismailia,Accessories,Keyboard,Website,Corporate,Salesperson_08,2,1800,10.33,371.79,3228.21,2200,1028.21,0,5,2025-08
948,2025-08-03,Cairo,Accessories,Keyboard,Website,Returning,Salesperson_10,1,1800,4.11,73.94,1726.06,1100,626.06,0,5,2025-08
1429,2025-08-03,Cairo,Accessories,Keyboard,Store,Returning,Salesperson_08,3,1800,9.34,504.61,4895.39,3300,1595.39,0,3,2025-08
1497,2025-08-03,Cairo,Computers,Monitor,Store,New,Salesperson_02,1,8500,15.01,1275.49,7224.51,6200,1024.51,0,6,2025-08
239,2025-08-04,Alexandria,Accessories,Mouse,Phone,New,Salesperson_15,2,900,7.57,136.33,1663.67,1000,663.67,0,4,2025-08
786,2025-08-04,Ismailia,Accessories,Headset,Website,Returning,Salesperson_09,1,2200,15.14,333.01,1866.99,1300,566.99,0,3,2025-08
1047,2025-08-04,Ismailia,Accessories,Mouse,Website,Returning,Salesperson_07,1,900,11.25,101.22,798.78,500,298.78,0,1,2025-08
1233,2025-08-04,Tanta,Computers,Laptop,Website,Returning,Salesperson_07,2,28000,8.62,4827.83,51172.17,46000,5172.17,0,2,2025-08
7,2025-08-05,Cairo,Accessories,Mouse,Store,Returning,Salesperson_05,1,900,12.83,115.46,784.54,500,284.54,0,5,2025-08
96,2025-08-05,Mansoura,Accessories,Mouse,Website,New,Salesperson_09,1,900,13.44,120.99,779.01,500,279.01,0,2,2025-08
411,2025-08-05,Tanta,Accessories,Headset,Phone,New,Salesperson_04,1,2200,13.8,303.68,1896.32,1300,596.32,0,5,2025-08
537,2025-08-06,Mansoura,Accessories,Headset,Website,New,Salesperson_04,1,2200,10.9,239.83,1960.17,1300,660.17,0,1,2025-08
546,2025-08-06,Alexandria,Accessories,Keyboard,Store,Corporate,Salesperson_11,1,1800,8.16,146.97,1653.03,1100,553.03,0,1,2025-08
954,2025-08-06,Alexandria,Accessories,Headset,Phone,Returning,Salesperson_05,4,2200,2.94,259.11,8540.89,5200,3340.89,0,4,2025-08
1064,2025-08-06,Alexandria,Printers,Printer,Store,Returning,Salesperson_13,2,7500,7.2,1080.08,13919.92,11200,2719.92,0,1,2025-08
1190,2025-08-06,Mansoura,Accessories,Keyboard,Website,New,Salesperson_08,2,1800,10.63,382.61,3217.39,2200,1017.39,0,2,2025-08
1281,2025-08-06,Cairo,Accessories,Headset,Phone,New,Salesperson_01,3,2200,13.19,870.76,5729.24,3900,1829.24,0,2,2025-08
716,2025-08-07,Tanta,Printers,Printer,Phone,Returning,Salesperson_10,1,7500,6.28,471.29,7028.71,5600,1428.71,0,3,2025-08
885,2025-08-07,Mansoura,Accessories,Keyboard,Store,Corporate,Salesperson_11,1,1800,8.9,160.2,0.0,1100,0.0,1,4,2025-08
1191,2025-08-07,Cairo,Accessories,Keyboard,Store,New,Salesperson_10,4,1800,11.42,822.49,6377.51,4400,1977.51,0,5,2025-08
1267,2025-08-07,Cairo,Computers,Laptop,Phone,New,Salesperson_13,2,28000,14.76,8264.84,47735.16,46000,1735.16,0,5,2025-08
366,2025-08-08,Tanta,Computers,Monitor,Phone,Returning,Salesperson_15,1,8500,6.35,539.37,7960.63,6200,1760.63,0,5,2025-08
424,2025-08-08,Alexandria,Computers,Monitor,Store,Corporate,Salesperson_13,2,8500,8.34,1417.17,15582.83,12400,3182.83,0,4,2025-08
1104,2025-08-08,Tanta,Accessories,Keyboard,Website,New,Salesperson_12,2,1800,5.78,208.23,3391.77,2200,1191.77,0,4,2025-08
1246,2025-08-08,Mansoura,Printers,Printer,Website,New,Salesperson_13,1,7500,11.61,870.48,6629.52,5600,1029.52,0,4,2025-08
1270,2025-08-08,Tanta,Accessories,Webcam,Phone,New,Salesperson_04,1,2500,14.79,369.69,2130.31,1600,530.31,0,5,2025-08
1495,2025-08-08,Cairo,Accessories,Mouse,Store,New,Salesperson_02,1,900,11.28,101.48,798.52,500,298.52,0,4,2025-08
143,2025-08-09,Alexandria,Accessories,Keyboard,Store,Returning,Salesperson_02,2,1800,13.54,487.34,3112.66,2200,912.66,0,3,2025-08
606,2025-08-09,Cairo,Accessories,Webcam,Website,Returning,Salesperson_14,2,2500,12.34,616.82,4383.18,3200,1183.18,0,2,2025-08
766,2025-08-09,Mansoura,Accessories,Keyboard,Store,Returning,Salesperson_15,1,1800,6.01,108.12,1691.88,1100,591.88,0,3,2025-08
816,2025-08-09,Mansoura,Printers,Printer,Store,New,Salesperson_12,4,7500,12.54,3761.1,26238.9,22400,3838.9,0,2,2025-08
896,2025-08-09,Ismailia,Accessories,Webcam,Store,Returning,Salesperson_10,2,2500,12.82,641.02,4358.98,3200,1158.98,0,3,2025-08
950,2025-08-09,Ismailia,Printers,Printer,Store,New,Salesperson_06,1,7500,8.76,657.34,6842.66,5600,1242.66,0,1,2025-08
1113,2025-08-09,Tanta,Accessories,Keyboard,Phone,New,Salesperson_10,1,1800,4.22,75.9,1724.1,1100,624.1,0,2,2025-08
136,2025-08-11,Cairo,Accessories,Mouse,Store,Returning,Salesperson_07,1,900,10.76,96.8,803.2,500,303.2,0,2,2025-08
859,2025-08-11,Ismailia,Accessories,Headset,Phone,Returning,Salesperson_07,3,2200,2.59,170.68,6429.32,3900,2529.32,0,2,2025-08
1154,2025-08-11,Ismailia,Computers,Laptop,Store,Returning,Salesperson_05,1,28000,10.08,2821.57,25178.43,23000,2178.43,0,1,2025-08
1484,2025-08-11,Ismailia,Accessories,Mouse,Store,Returning,Salesperson_07,1,900,11.42,102.77,797.23,500,297.23,0,2,2025-08
50,2025-08-12,Tanta,Accessories,Keyboard,Website,New,Salesperson_05,3,1800,6.72,363.06,5036.94,3300,1736.94,0,2,2025-08
113,2025-08-12,Cairo,Accessories,Keyboard,Website,New,Salesperson_12,1,1800,10.44,187.85,0.0,1100,0.0,1,2,2025-08
266,2025-08-12,Alexandria,Accessories,Headset,Store,New,Salesperson_14,3,2200,16.75,1105.54,5494.46,3900,1594.46,0,1,2025-08
680,2025-08-12,Tanta,Accessories,Mouse,Store,New,Salesperson_13,1,900,0.61,5.52,894.48,500,394.48,0,2,2025-08
541,2025-08-13,Ismailia,Computers,Monitor,Phone,Corporate,Salesperson_13,1,8500,14.83,1260.13,7239.87,6200,1039.87,0,2,2025-08
968,2025-08-13,Tanta,Computers,Laptop,Store,Returning,Salesperson_04,3,28000,6.9,5794.18,78205.82,69000,9205.82,0,2,2025-08
999,2025-08-13,Tanta,Accessories,Mouse,Store,Returning,Salesperson_08,1,900,9.1,81.87,818.13,500,318.13,0,4,2025-08
176,2025-08-14,Cairo,Accessories,Keyboard,Phone,New,Salesperson_14,1,1800,3.55,63.88,1736.12,1100,636.12,0,3,2025-08
467,2025-08-14,Mansoura,Accessories,Mouse,Store,New,Salesperson_09,4,900,11.14,400.92,3199.08,2000,1199.08,0,5,2025-08
856,2025-08-14,Cairo,Computers,Monitor,Store,Returning,Salesperson_09,1,8500,6.39,543.21,7956.79,6200,1756.79,0,6,2025-08
1454,2025-08-14,Cairo,Printers,Printer,Store,New,Salesperson_01,1,7500,13.67,1025.02,6474.98,5600,874.98,0,3,2025-08
95,2025-08-15,Mansoura,Components,SSD,Phone,New,Salesperson_01,2,3200,0.0,0.0,6400.0,4400,2000.0,0,2,2025-08
587,2025-08-15,Tanta,Computers,Monitor,Website,New,Salesperson_12,1,8500,11.85,1007.37,7492.63,6200,1292.63,0,3,2025-08
717,2025-08-15,Ismailia,Accessories,Mouse,Store,New,Salesperson_06,5,900,7.69,346.19,4153.81,2500,1653.81,0,3,2025-08
835,2025-08-15,Tanta,Components,SSD,Website,Returning,Salesperson_01,3,3200,1.56,150.15,9449.85,6600,2849.85,0,2,2025-08
953,2025-08-15,Ismailia,Accessories,Headset,Website,Returning,Salesperson_07,1,2200,10.82,238.02,1961.98,1300,661.98,0,3,2025-08
1162,2025-08-15,Tanta,Accessories,Headset,Website,Returning,Salesperson_08,2,2200,9.83,432.31,3967.69,2600,1367.69,0,2,2025-08
707,2025-08-16,Ismailia,Computers,Monitor,Website,Returning,Salesperson_08,1,8500,12.92,1098.46,7401.54,6200,1201.54,0,1,2025-08
809,2025-08-16,Cairo,Accessories,Headset,Store,New,Salesperson_14,1,2200,6.59,144.91,2055.09,1300,755.09,0,6,2025-08
979,2025-08-16,Ismailia,Computers,Laptop,Website,Returning,Salesperson_08,5,28000,4.8,6714.88,133285.12,115000,18285.12,0,3,2025-08
1247,2025-08-16,Cairo,Computers,Laptop,Store,Returning,Salesperson_15,1,28000,11.93,3341.41,24658.59,23000,1658.59,0,1,2025-08
1259,2025-08-16,Cairo,Accessories,Webcam,Store,Returning,Salesperson_14,1,2500,6.0,150.1,2349.9,1600,749.9,0,4,2025-08
1467,2025-08-16,Alexandria,Accessories,Webcam,Phone,Returning,Salesperson_01,4,2500,14.72,1471.61,8528.39,6400,2128.39,0,1,2025-08
185,2025-08-17,Ismailia,Accessories,Mouse,Website,Returning,Salesperson_14,2,900,7.0,126.02,1673.98,1000,673.98,0,3,2025-08
1135,2025-08-17,Tanta,Components,SSD,Website,New,Salesperson_10,2,3200,13.81,884.0,5516.0,4400,1116.0,0,2,2025-08
1147,2025-08-17,Tanta,Components,SSD,Phone,Corporate,Salesperson_07,5,3200,14.55,2327.62,13672.38,11000,2672.38,0,2,2025-08
335,2025-08-18,Ismailia,Computers,Laptop,Website,New,Salesperson_04,2,28000,7.98,4469.14,51530.86,46000,5530.86,0,4,2025-08
375,2025-08-18,Ismailia,Accessories,Headset,Store,Returning,Salesperson_10,3,2200,8.94,589.78,6010.22,3900,2110.22,0,2,2025-08
8,2025-08-19,Ismailia,Components,SSD,Phone,Returning,Salesperson_12,1,3200,13.88,444.02,2755.98,2200,555.98,0,1,2025-08
387,2025-08-19,Cairo,Accessories,Headset,Phone,Returning,Salesperson_11,1,2200,6.68,147.04,0.0,1300,0.0,1,3,2025-08
554,2025-08-19,Cairo,Accessories,Headset,Store,Returning,Salesperson_04,1,2200,13.67,300.68,1899.32,1300,599.32,0,2,2025-08
751,2025-08-19,Cairo,Computers,Laptop,Website,New,Salesperson_10,2,28000,12.57,7041.28,48958.72,46000,2958.72,0,4,2025-08
1018,2025-08-19,Alexandria,Accessories,Mouse,Website,Returning,Salesperson_10,2,900,11.73,211.2,1588.8,1000,588.8,0,1,2025-08
1255,2025-08-19,Cairo,Computers,Laptop,Website,Returning,Salesperson_08,1,28000,16.35,4576.86,23423.14,23000,423.14,0,5,2025-08
1264,2025-08-19,Cairo,Components,SSD,Store,Corporate,Salesperson_01,3,3200,19.09,1832.64,0.0,6600,0.0,1,1,2025-08
1451,2025-08-19,Alexandria,Computers,Monitor,Phone,New,Salesperson_11,2,8500,7.71,1309.9,15690.1,12400,3290.1,0,1,2025-08
153,2025-08-20,Ismailia,Accessories,Mouse,Store,New,Salesperson_12,1,900,3.91,35.19,864.81,500,364.81,0,5,2025-08
443,2025-08-20,Mansoura,Computers,Laptop,Website,Returning,Salesperson_06,2,28000,6.7,3750.54,52249.46,46000,6249.46,0,4,2025-08
610,2025-08-20,Tanta,Components,SSD,Store,New,Salesperson_02,3,3200,8.37,803.26,8796.74,6600,2196.74,0,4,2025-08
1256,2025-08-20,Alexandria,Accessories,Headset,Store,Returning,Salesperson_11,5,2200,11.15,1226.6,9773.4,6500,3273.4,0,2,2025-08
1294,2025-08-20,Tanta,Computers,Monitor,Website,New,Salesperson_03,4,8500,14.04,4773.11,29226.89,24800,4426.89,0,1,2025-08
1387,2025-08-20,Tanta,Components,SSD,Store,Corporate,Salesperson_02,4,3200,17.32,2216.99,10583.01,8800,1783.01,0,1,2025-08
1402,2025-08-20,Mansoura,Accessories,Mouse,Website,Returning,Salesperson_07,4,900,8.09,291.1,3308.9,2000,1308.9,0,3,2025-08
13,2025-08-21,Alexandria,Computers,Monitor,Website,Returning,Salesperson_08,2,8500,5.87,998.25,16001.75,12400,3601.75,0,1,2025-08
14,2025-08-21,Alexandria,Computers,Laptop,Store,New,Salesperson_11,2,28000,4.97,2781.35,53218.65,46000,7218.65,0,3,2025-08
40,2025-08-21,Mansoura,Accessories,Keyboard,Phone,Returning,Salesperson_12,2,1800,4.59,165.13,3434.87,2200,1234.87,0,2,2025-08
59,2025-08-21,Alexandria,Components,SSD,Store,New,Salesperson_08,1,3200,7.83,250.67,2949.33,2200,749.33,0,1,2025-08
927,2025-08-21,Ismailia,Computers,Laptop,Store,New,Salesperson_03,2,28000,13.41,7508.9,48491.1,46000,2491.1,0,1,2025-08
1089,2025-08-21,Mansoura,Accessories,Mouse,Store,Returning,Salesperson_04,1,900,5.82,52.41,847.59,500,347.59,0,3,2025-08
1123,2025-08-21,Cairo,Components,SSD,Phone,Returning,Salesperson_03,3,3200,8.03,770.96,8829.04,6600,2229.04,0,5,2025-08
89,2025-08-22,Mansoura,Accessories,Keyboard,Store,Returning,Salesperson_03,1,1800,5.49,98.83,1701.17,1100,601.17,0,4,2025-08
232,2025-08-22,Alexandria,Accessories,Keyboard,Store,Returning,Salesperson_03,1,1800,6.35,114.21,1685.79,1100,585.79,0,4,2025-08
701,2025-08-22,Tanta,Accessories,Headset,Store,Corporate,Salesperson_01,3,2200,6.28,414.35,6185.65,3900,2285.65,0,4,2025-08
1326,2025-08-22,Cairo,Computers,Monitor,Store,New,Salesperson_08,1,8500,6.58,559.61,7940.39,6200,1740.39,0,3,2025-08
712,2025-08-23,Cairo,Accessories,Headset,Phone,New,Salesperson_05,2,2200,4.53,199.14,4200.86,2600,1600.86,0,2,2025-08
760,2025-08-23,Ismailia,Accessories,Headset,Website,Returning,Salesperson_06,2,2200,8.3,365.03,4034.97,2600,1434.97,0,4,2025-08
894,2025-08-23,Mansoura,Accessories,Keyboard,Website,Returning,Salesperson_01,1,1800,10.58,190.47,1609.53,1100,509.53,0,4,2025-08
1093,2025-08-23,Alexandria,Computers,Monitor,Website,New,Salesperson_10,5,8500,12.0,5100.99,37399.01,31000,6399.01,0,2,2025-08
1336,2025-08-23,Ismailia,Accessories,Webcam,Website,Returning,Salesperson_06,2,2500,8.39,419.71,4580.29,3200,1380.29,0,3,2025-08
763,2025-08-24,Tanta,Accessories,Webcam,Website,Returning,Salesperson_15,1,2500,13.55,338.64,2161.36,1600,561.36,0,4,2025-08
91,2025-08-25,Alexandria,Computers,Monitor,Website,New,Salesperson_05,1,8500,10.69,908.58,7591.42,6200,1391.42,0,4,2025-08
359,2025-08-25,Alexandria,Accessories,Mouse,Store,Returning,Salesperson_03,2,900,11.3,203.38,1596.62,1000,596.62,0,3,2025-08
1310,2025-08-25,Alexandria,Accessories,Headset,Store,New,Salesperson_12,2,2200,6.69,294.34,4105.66,2600,1505.66,0,3,2025-08
944,2025-08-26,Cairo,Printers,Printer,Store,New,Salesperson_12,5,7500,8.78,3291.24,34208.76,28000,6208.76,0,5,2025-08
1292,2025-08-26,Mansoura,Accessories,Headset,Store,New,Salesperson_05,2,2200,15.59,686.14,3713.86,2600,1113.86,0,2,2025-08
1385,2025-08-26,Alexandria,Accessories,Mouse,Website,Returning,Salesperson_06,1,900,15.72,141.45,758.55,500,258.55,0,4,2025-08
240,2025-08-27,Ismailia,Accessories,Webcam,Store,New,Salesperson_03,3,2500,12.66,949.74,6550.26,4800,1750.26,0,2,2025-08
371,2025-08-27,Ismailia,Computers,Laptop,Store,Returning,Salesperson_01,1,28000,9.61,2691.7,25308.3,23000,2308.3,0,3,2025-08
788,2025-08-27,Cairo,Accessories,Headset,Phone,New,Salesperson_11,1,2200,9.36,205.98,1994.02,1300,694.02,0,3,2025-08
1134,2025-08-27,Alexandria,Computers,Laptop,Website,Corporate,Salesperson_09,2,28000,15.64,8756.94,47243.06,46000,1243.06,0,2,2025-08
1221,2025-08-27,Alexandria,Components,SSD,Website,Returning,Salesperson_09,1,3200,5.73,183.32,3016.68,2200,816.68,0,3,2025-08
820,2025-08-28,Tanta,Computers,Laptop,Website,New,Salesperson_13,1,28000,7.62,2133.62,25866.38,23000,2866.38,0,4,2025-08
1035,2025-08-28,Mansoura,Accessories,Keyboard,Store,New,Salesperson_10,1,1800,12.19,219.47,1580.53,1100,480.53,0,1,2025-08
1197,2025-08-28,Alexandria,Accessories,Keyboard,Phone,New,Salesperson_15,1,1800,8.13,146.34,1653.66,1100,553.66,0,1,2025-08
1225,2025-08-28,Cairo,Accessories,Mouse,Website,New,Salesperson_09,1,900,7.61,68.52,831.48,500,331.48,0,3,2025-08
369,2025-08-29,Cairo,Computers,Monitor,Store,Returning,Salesperson_06,1,8500,17.85,1516.97,6983.03,6200,783.03,0,1,2025-08
653,2025-08-29,Cairo,Accessories,Webcam,Store,New,Salesperson_15,1,2500,17.93,448.29,2051.71,1600,451.71,0,4,2025-08
963,2025-08-29,Tanta,Accessories,Mouse,Phone,Corporate,Salesperson_06,1,900,16.23,146.11,753.89,500,253.89,0,1,2025-08
276,2025-08-30,Cairo,Accessories,Mouse,Store,New,Salesperson_13,3,900,0.08,2.24,2697.76,1500,1197.76,0,4,2025-08
724,2025-08-30,Ismailia,Accessories,Headset,Store,New,Salesperson_05,1,2200,8.0,176.1,2023.9,1300,723.9,0,1,2025-08
1072,2025-08-30,Ismailia,Accessories,Headset,Store,New,Salesperson_15,3,2200,5.0,330.23,6269.77,3900,2369.77,0,4,2025-08
1273,2025-08-30,Alexandria,Accessories,Keyboard,Website,Returning,Salesperson_12,1,1800,10.76,193.72,1606.28,1100,506.28,0,3,2025-08
1386,2025-08-31,Cairo,Accessories,Webcam,Website,Returning,Salesperson_13,1,2500,17.32,432.95,2067.05,1600,467.05,0,1,2025-08
757,2025-09-01,Alexandria,Accessories,Headset,Store,Returning,Salesperson_02,2,2200,15.01,660.4,3739.6,2600,1139.6,0,2,2025-09
815,2025-09-01,Alexandria,Accessories,Keyboard,Store,New,Salesperson_06,3,1800,16.52,892.04,4507.96,3300,1207.96,0,4,2025-09
1022,2025-09-01,Tanta,Accessories,Keyboard,Website,Returning,Salesperson_12,1,1800,13.2,237.62,1562.38,1100,462.38,0,4,2025-09
1102,2025-09-01,Tanta,Computers,Laptop,Store,New,Salesperson_09,4,28000,6.54,7330.06,104669.94,92000,12669.94,0,3,2025-09
135,2025-09-02,Cairo,Computers,Laptop,Website,Returning,Salesperson_07,1,28000,19.89,5568.27,0.0,23000,0.0,1,3,2025-09
299,2025-09-02,Tanta,Accessories,Headset,Store,New,Salesperson_13,1,2200,4.34,95.38,2104.62,1300,804.62,0,1,2025-09
390,2025-09-02,Alexandria,Computers,Monitor,Store,New,Salesperson_11,2,8500,1.32,224.88,16775.12,12400,4375.12,0,3,2025-09
991,2025-09-02,Mansoura,Computers,Monitor,Website,New,Salesperson_05,4,8500,7.52,2557.89,31442.11,24800,6642.11,0,1,2025-09
1132,2025-09-02,Cairo,Accessories,Keyboard,Website,Returning,Salesperson_03,3,1800,12.08,652.35,4747.65,3300,1447.65,0,4,2025-09
1175,2025-09-02,Cairo,Computers,Laptop,Phone,Returning,Salesperson_03,1,28000,12.85,3598.31,24401.69,23000,1401.69,0,3,2025-09
27,2025-09-03,Alexandria,Computers,Monitor,Phone,Returning,Salesperson_13,3,8500,8.1,2064.41,23435.59,18600,4835.59,0,4,2025-09
557,2025-09-03,Cairo,Computers,Laptop,Website,Corporate,Salesperson_09,2,28000,15.25,8538.29,47461.71,46000,1461.71,0,5,2025-09
1065,2025-09-03,Alexandria,Components,SSD,Website,Returning,Salesperson_04,2,3200,9.1,582.58,5817.42,4400,1417.42,0,2,2025-09
1170,2025-09-03,Ismailia,Computers,Monitor,Store,New,Salesperson_03,1,8500,6.51,553.35,7946.65,6200,1746.65,0,1,2025-09
1230,2025-09-03,Mansoura,Accessories,Mouse,Store,New,Salesperson_15,1,900,7.81,70.26,829.74,500,329.74,0,2,2025-09
1265,2025-09-03,Ismailia,Accessories,Keyboard,Phone,New,Salesperson_11,1,1800,0.0,0.0,1800.0,1100,700.0,0,2,2025-09
16,2025-09-04,Ismailia,Printers,Printer,Store,Returning,Salesperson_01,1,7500,13.62,1021.56,6478.44,5600,878.44,0,4,2025-09
347,2025-09-04,Ismailia,Computers,Laptop,Store,Returning,Salesperson_15,1,28000,8.46,2370.11,25629.89,23000,2629.89,0,1,2025-09
1084,2025-09-04,Cairo,Computers,Monitor,Store,Returning,Salesperson_06,3,8500,7.33,1868.47,23631.53,18600,5031.53,0,6,2025-09
1414,2025-09-04,Alexandria,Accessories,Webcam,Store,New,Salesperson_07,2,2500,11.77,588.51,4411.49,3200,1211.49,0,1,2025-09
1025,2025-09-05,Cairo,Accessories,Keyboard,Website,New,Salesperson_06,2,1800,10.4,374.28,3225.72,2200,1025.72,0,7,2025-09
57,2025-09-06,Alexandria,Accessories,Mouse,Store,Returning,Salesperson_11,1,900,4.99,44.91,855.09,500,355.09,0,5,2025-09
745,2025-09-06,Alexandria,Printers,Printer,Phone,Returning,Salesperson_02,2,7500,8.98,1346.63,13653.37,11200,2453.37,0,2,2025-09
772,2025-09-06,Cairo,Accessories,Headset,Phone,Returning,Salesperson_07,3,2200,6.09,401.7,6198.3,3900,2298.3,0,2,2025-09
902,2025-09-06,Mansoura,Accessories,Mouse,Store,Returning,Salesperson_15,1,900,9.51,85.57,0.0,500,0.0,1,2,2025-09
940,2025-09-06,Alexandria,Computers,Laptop,Store,Returning,Salesperson_03,5,28000,0.4,563.82,139436.18,115000,24436.18,0,2,2025-09
99,2025-09-07,Alexandria,Computers,Laptop,Website,New,Salesperson_03,1,28000,14.93,4179.68,23820.32,23000,820.32,0,2,2025-09
777,2025-09-07,Mansoura,Accessories,Keyboard,Phone,Corporate,Salesperson_02,4,1800,6.64,477.9,6722.1,4400,2322.1,0,2,2025-09
951,2025-09-07,Tanta,Accessories,Mouse,Website,New,Salesperson_14,1,900,10.95,98.55,801.45,500,301.45,0,2,2025-09
990,2025-09-07,Cairo,Accessories,Headset,Phone,New,Salesperson_12,4,2200,10.9,959.3,7840.7,5200,2640.7,0,2,2025-09
1412,2025-09-07,Ismailia,Accessories,Mouse,Store,New,Salesperson_12,2,900,2.27,40.9,1759.1,1000,759.1,0,1,2025-09
414,2025-09-08,Alexandria,Accessories,Mouse,Store,Corporate,Salesperson_11,2,900,16.81,302.58,1497.42,1000,497.42,0,3,2025-09
454,2025-09-08,Cairo,Accessories,Headset,Phone,Returning,Salesperson_12,1,2200,1.79,39.42,2160.58,1300,860.58,0,4,2025-09
544,2025-09-08,Tanta,Computers,Laptop,Website,New,Salesperson_01,2,28000,7.36,4124.16,51875.84,46000,5875.84,0,2,2025-09
1284,2025-09-08,Cairo,Accessories,Keyboard,Phone,New,Salesperson_08,1,1800,15.02,270.4,1529.6,1100,429.6,0,3,2025-09
1321,2025-09-08,Mansoura,Accessories,Keyboard,Store,Returning,Salesperson_14,2,1800,5.24,188.74,3411.26,2200,1211.26,0,1,2025-09
19,2025-09-09,Cairo,Accessories,Webcam,Website,New,Salesperson_03,5,2500,12.25,1531.41,10968.59,8000,2968.59,0,3,2025-09
209,2025-09-09,Ismailia,Computers,Monitor,Phone,Returning,Salesperson_04,2,8500,7.47,1269.81,15730.19,12400,3330.19,0,1,2025-09
268,2025-09-09,Tanta,Accessories,Headset,Phone,Returning,Salesperson_06,1,2200,16.1,354.14,1845.86,1300,545.86,0,1,2025-09
749,2025-09-10,Ismailia,Accessories,Keyboard,Store,Corporate,Salesperson_15,2,1800,8.06,290.18,3309.82,2200,1109.82,0,3,2025-09
1096,2025-09-10,Alexandria,Accessories,Mouse,Store,Returning,Salesperson_08,1,900,12.02,108.2,791.8,500,291.8,0,2,2025-09
1311,2025-09-10,Mansoura,Computers,Laptop,Store,New,Salesperson_06,1,28000,0.42,118.07,27881.93,23000,4881.93,0,2,2025-09
199,2025-09-11,Alexandria,Computers,Monitor,Store,Returning,Salesperson_05,1,8500,0.0,0.0,8500.0,6200,2300.0,0,1,2025-09
776,2025-09-11,Ismailia,Computers,Laptop,Store,Corporate,Salesperson_10,1,28000,10.04,2811.37,25188.63,23000,2188.63,0,3,2025-09
1187,2025-09-11,Cairo,Accessories,Mouse,Phone,Corporate,Salesperson_07,4,900,11.5,413.91,3186.09,2000,1186.09,0,2,2025-09
1287,2025-09-11,Cairo,Accessories,Webcam,Phone,New,Salesperson_13,1,2500,4.37,109.2,2390.8,1600,790.8,0,1,2025-09
1352,2025-09-11,Cairo,Accessories,Webcam,Store,Returning,Salesperson_07,2,2500,5.9,294.9,4705.1,3200,1505.1,0,4,2025-09
175,2025-09-12,Tanta,Printers,Printer,Store,Corporate,Salesperson_12,2,7500,18.11,2717.08,12282.92,11200,1082.92,0,3,2025-09
822,2025-09-12,Cairo,Components,SSD,Store,Returning,Salesperson_09,1,3200,8.48,271.21,2928.79,2200,728.79,0,3,2025-09
1353,2025-09-12,Cairo,Accessories,Mouse,Website,Returning,Salesperson_13,1,900,11.24,101.14,798.86,500,298.86,0,3,2025-09
438,2025-09-13,Tanta,Computers,Monitor,Store,New,Salesperson_08,3,8500,16.2,4130.81,21369.19,18600,2769.19,0,2,2025-09
498,2025-09-13,Tanta,Computers,Laptop,Store,New,Salesperson_15,1,28000,5.04,1409.86,26590.14,23000,3590.14,0,1,2025-09
1033,2025-09-13,Alexandria,Accessories,Mouse,Website,Returning,Salesperson_01,1,900,5.15,46.39,853.61,500,353.61,0,3,2025-09
218,2025-09-14,Cairo,Accessories,Keyboard,Phone,New,Salesperson_09,1,1800,13.73,247.07,1552.93,1100,452.93,0,3,2025-09
678,2025-09-14,Alexandria,Accessories,Keyboard,Store,New,Salesperson_08,1,1800,4.87,87.62,1712.38,1100,612.38,0,5,2025-09
840,2025-09-14,Cairo,Computers,Monitor,Website,Corporate,Salesperson_05,3,8500,13.78,3514.85,21985.15,18600,3385.15,0,3,2025-09
1142,2025-09-14,Cairo,Printers,Printer,Phone,Returning,Salesperson_05,1,7500,16.2,1214.69,6285.31,5600,685.31,0,4,2025-09
155,2025-09-15,Alexandria,Accessories,Webcam,Website,New,Salesperson_14,2,2500,14.74,737.24,4262.76,3200,1062.76,0,3,2025-09
295,2025-09-15,Tanta,Accessories,Webcam,Store,New,Salesperson_06,4,2500,10.21,1020.59,8979.41,6400,2579.41,0,3,2025-09
327,2025-09-15,Mansoura,Printers,Printer,Website,Corporate,Salesperson_15,3,7500,15.91,3579.72,0.0,16800,0.0,1,4,2025-09
513,2025-09-15,Alexandria,Accessories,Headset,Website,Corporate,Salesperson_06,1,2200,21.45,471.97,1728.03,1300,428.03,0,5,2025-09
525,2025-09-15,Cairo,Accessories,Keyboard,Store,Returning,Salesperson_08,3,1800,14.25,769.41,4630.59,3300,1330.59,0,1,2025-09
602,2025-09-15,Alexandria,Printers,Printer,Phone,Returning,Salesperson_13,2,7500,12.28,1842.61,13157.39,11200,1957.39,0,3,2025-09
854,2025-09-15,Cairo,Computers,Laptop,Phone,New,Salesperson_11,3,28000,16.47,13835.34,70164.66,69000,1164.66,0,5,2025-09
875,2025-09-15,Alexandria,Accessories,Keyboard,Phone,Corporate,Salesperson_07,3,1800,14.51,783.68,4616.32,3300,1316.32,0,5,2025-09
1070,2025-09-15,Cairo,Accessories,Headset,Store,Returning,Salesperson_01,1,2200,9.63,211.78,1988.22,1300,688.22,0,3,2025-09
1163,2025-09-15,Mansoura,Computers,Laptop,Store,Returning,Salesperson_10,1,28000,10.92,3058.86,24941.14,23000,1941.14,0,4,2025-09
417,2025-09-16,Cairo,Accessories,Keyboard,Website,Corporate,Salesperson_08,3,1800,14.94,806.84,4593.16,3300,1293.16,0,1,2025-09
492,2025-09-16,Tanta,Accessories,Mouse,Website,New,Salesperson_05,1,900,9.08,81.74,818.26,500,318.26,0,3,2025-09
733,2025-09-16,Mansoura,Accessories,Mouse,Website,Corporate,Salesperson_02,1,900,14.5,130.48,769.52,500,269.52,0,3,2025-09
1118,2025-09-16,Cairo,Printers,Printer,Phone,Returning,Salesperson_15,3,7500,5.6,1260.26,21239.74,16800,4439.74,0,1,2025-09
1475,2025-09-16,Cairo,Components,SSD,Website,New,Salesperson_09,1,3200,13.85,443.36,2756.64,2200,556.64,0,1,2025-09
105,2025-09-17,Cairo,Accessories,Webcam,Website,Returning,Salesperson_06,2,2500,9.45,472.45,4527.55,3200,1327.55,0,3,2025-09
304,2025-09-17,Ismailia,Accessories,Keyboard,Website,New,Salesperson_06,1,1800,13.42,241.48,0.0,1100,0.0,1,1,2025-09
769,2025-09-17,Mansoura,Accessories,Keyboard,Website,New,Salesperson_07,1,1800,6.97,125.54,1674.46,1100,574.46,0,3,2025-09
852,2025-09-17,Cairo,Computers,Monitor,Phone,Corporate,Salesperson_09,2,8500,17.64,2998.93,14001.07,12400,1601.07,0,3,2025-09
1144,2025-09-17,Cairo,Computers,Laptop,Website,New,Salesperson_09,1,28000,14.13,3955.61,24044.39,23000,1044.39,0,2,2025-09
76,2025-09-18,Alexandria,Accessories,Keyboard,Website,New,Salesperson_14,2,1800,16.32,587.69,3012.31,2200,812.31,0,4,2025-09
692,2025-09-18,Cairo,Accessories,Keyboard,Store,Returning,Salesperson_04,1,1800,8.36,150.44,1649.56,1100,549.56,0,1,2025-09
1234,2025-09-18,Tanta,Accessories,Keyboard,Store,New,Salesperson_15,2,1800,5.24,188.55,3411.45,2200,1211.45,0,1,2025-09
1319,2025-09-18,Cairo,Computers,Laptop,Phone,Returning,Salesperson_07,2,28000,0.0,0.0,56000.0,46000,10000.0,0,3,2025-09
623,2025-09-19,Cairo,Computers,Monitor,Website,Returning,Salesperson_05,1,8500,10.9,926.28,7573.72,6200,1373.72,0,2,2025-09
1400,2025-09-19,Alexandria,Printers,Printer,Phone,Returning,Salesperson_01,1,7500,3.55,266.08,7233.92,5600,1633.92,0,2,2025-09
1409,2025-09-19,Tanta,Computers,Monitor,Phone,New,Salesperson_01,2,8500,8.31,1412.62,15587.38,12400,3187.38,0,1,2025-09
88,2025-09-20,Mansoura,Components,SSD,Store,Corporate,Salesperson_11,2,3200,14.11,903.01,5496.99,4400,1096.99,0,3,2025-09
407,2025-09-20,Ismailia,Accessories,Keyboard,Store,Returning,Salesperson_08,2,1800,10.82,389.68,0.0,2200,0.0,1,2,2025-09
457,2025-09-20,Mansoura,Computers,Monitor,Website,Corporate,Salesperson_12,3,8500,14.65,3736.68,21763.32,18600,3163.32,0,2,2025-09
995,2025-09-20,Tanta,Components,SSD,Phone,Corporate,Salesperson_06,1,3200,16.64,532.63,2667.37,2200,467.37,0,2,2025-09
1056,2025-09-20,Alexandria,Accessories,Webcam,Website,New,Salesperson_15,2,2500,5.0,250.18,4749.82,3200,1549.82,0,2,2025-09
5,2025-09-21,Cairo,Components,SSD,Store,Returning,Salesperson_10,1,3200,21.61,691.62,2508.38,2200,308.38,0,6,2025-09
137,2025-09-21,Cairo,Computers,Monitor,Phone,New,Salesperson_10,2,8500,10.29,1749.89,0.0,12400,0.0,1,3,2025-09
243,2025-09-21,Tanta,Computers,Laptop,Store,New,Salesperson_08,1,28000,5.54,1552.55,0.0,23000,0.0,1,3,2025-09
262,2025-09-21,Mansoura,Printers,Printer,Website,New,Salesperson_10,1,7500,9.09,681.52,6818.48,5600,1218.48,0,1,2025-09
539,2025-09-21,Alexandria,Accessories,Headset,Store,New,Salesperson_13,2,2200,17.86,785.7,3614.3,2600,1014.3,0,3,2025-09
867,2025-09-21,Alexandria,Accessories,Keyboard,Store,Returning,Salesperson_08,2,1800,0.0,0.0,3600.0,2200,1400.0,0,3,2025-09
1487,2025-09-21,Mansoura,Components,SSD,Store,New,Salesperson_12,2,3200,2.46,157.2,6242.8,4400,1842.8,0,2,2025-09
419,2025-09-22,Cairo,Printers,Printer,Phone,Returning,Salesperson_11,1,7500,11.13,834.63,6665.37,5600,1065.37,0,5,2025-09
540,2025-09-22,Cairo,Printers,Printer,Website,New,Salesperson_14,1,7500,16.6,1244.9,0.0,5600,0.0,1,3,2025-09
775,2025-09-22,Mansoura,Components,SSD,Website,Returning,Salesperson_04,1,3200,7.79,249.36,2950.64,2200,750.64,0,3,2025-09
1215,2025-09-22,Tanta,Computers,Monitor,Store,New,Salesperson_08,1,8500,8.59,730.12,7769.88,6200,1569.88,0,3,2025-09
1337,2025-09-22,Cairo,Accessories,Headset,Website,Returning,Salesperson_02,1,2200,12.37,272.06,1927.94,1300,627.94,0,4,2025-09
781,2025-09-23,Alexandria,Accessories,Webcam,Store,New,Salesperson_13,4,2500,3.45,345.19,9654.81,6400,3254.81,0,1,2025-09
831,2025-09-23,Alexandria,Accessories,Mouse,Store,New,Salesperson_07,2,900,3.64,65.59,1734.41,1000,734.41,0,3,2025-09
908,2025-09-23,Alexandria,Components,SSD,Website,New,Salesperson_04,2,3200,14.96,957.57,5442.43,4400,1042.43,0,3,2025-09
910,2025-09-23,Cairo,Printers,Printer,Store,New,Salesperson_15,1,7500,11.05,828.57,6671.43,5600,1071.43,0,1,2025-09
1058,2025-09-23,Tanta,Accessories,Mouse,Store,Corporate,Salesperson_05,1,900,9.83,88.44,811.56,500,311.56,0,3,2025-09
481,2025-09-24,Mansoura,Accessories,Webcam,Website,New,Salesperson_10,1,2500,5.71,142.72,2357.28,1600,757.28,0,3,2025-09
1074,2025-09-24,Tanta,Accessories,Headset,Store,Returning,Salesperson_08,4,2200,9.52,838.05,7961.95,5200,2761.95,0,4,2025-09
1080,2025-09-24,Ismailia,Accessories,Headset,Store,Returning,Salesperson_06,2,2200,13.16,579.12,3820.88,2600,1220.88,0,1,2025-09
1377,2025-09-24,Mansoura,Accessories,Webcam,Website,New,Salesperson_13,1,2500,13.69,342.33,2157.67,1600,557.67,0,2,2025-09
736,2025-09-25,Mansoura,Accessories,Headset,Website,Returning,Salesperson_09,1,2200,14.68,323.03,1876.97,1300,576.97,0,3,2025-09
989,2025-09-25,Alexandria,Printers,Printer,Website,Returning,Salesperson_14,1,7500,12.87,965.5,6534.5,5600,934.5,0,1,2025-09
1373,2025-09-25,Alexandria,Computers,Monitor,Store,New,Salesperson_03,2,8500,9.27,1575.07,15424.93,12400,3024.93,0,4,2025-09
203,2025-09-26,Alexandria,Accessories,Webcam,Phone,Returning,Salesperson_04,1,2500,5.59,139.66,2360.34,1600,760.34,0,3,2025-09
357,2025-09-26,Cairo,Accessories,Headset,Website,Returning,Salesperson_02,5,2200,7.65,841.14,10158.86,6500,3658.86,0,1,2025-09
567,2025-09-26,Tanta,Accessories,Webcam,Store,New,Salesperson_03,1,2500,6.47,161.7,2338.3,1600,738.3,0,4,2025-09
1286,2025-09-26,Ismailia,Computers,Monitor,Website,Returning,Salesperson_09,4,8500,11.92,4054.37,29945.63,24800,5145.63,0,2,2025-09
672,2025-09-27,Tanta,Accessories,Keyboard,Website,Returning,Salesperson_03,3,1800,12.4,669.38,4730.62,3300,1430.62,0,1,2025-09
1171,2025-09-27,Cairo,Accessories,Keyboard,Website,Corporate,Salesperson_09,2,1800,7.76,279.48,3320.52,2200,1120.52,0,5,2025-09
1231,2025-09-27,Alexandria,Accessories,Headset,Website,Corporate,Salesperson_13,1,2200,12.62,277.7,1922.3,1300,622.3,0,7,2025-09
283,2025-09-28,Mansoura,Accessories,Keyboard,Phone,Returning,Salesperson_13,2,1800,6.31,227.14,3372.86,2200,1172.86,0,3,2025-09
298,2025-09-28,Mansoura,Accessories,Mouse,Website,Corporate,Salesperson_07,1,900,21.36,192.25,707.75,500,207.75,0,3,2025-09
339,2025-09-28,Cairo,Accessories,Webcam,Website,Corporate,Salesperson_12,1,2500,19.5,487.45,2012.55,1600,412.55,0,1,2025-09
1021,2025-09-28,Alexandria,Computers,Monitor,Website,New,Salesperson_02,2,8500,16.95,2881.84,14118.16,12400,1718.16,0,4,2025-09
1438,2025-09-28,Tanta,Accessories,Mouse,Store,Returning,Salesperson_07,3,900,11.69,315.72,2384.28,1500,884.28,0,3,2025-09
158,2025-09-29,Alexandria,Computers,Monitor,Store,New,Salesperson_09,1,8500,3.37,286.71,8213.29,6200,2013.29,0,1,2025-09
281,2025-09-29,Cairo,Accessories,Mouse,Website,New,Salesperson_04,3,900,14.27,385.4,0.0,1500,0.0,1,2,2025-09
936,2025-09-29,Ismailia,Accessories,Webcam,Store,Returning,Salesperson_06,2,2500,4.72,235.88,4764.12,3200,1564.12,0,4,2025-09
1307,2025-09-29,Cairo,Accessories,Webcam,Website,Returning,Salesperson_15,3,2500,11.23,842.05,6657.95,4800,1857.95,0,2,2025-09
1422,2025-09-29,Alexandria,Accessories,Headset,Phone,Returning,Salesperson_13,4,2200,0.96,84.71,8715.29,5200,3515.29,0,3,2025-09
452,2025-09-30,Cairo,Computers,Laptop,Phone,Returning,Salesperson_03,2,28000,13.93,7803.31,48196.69,46000,2196.69,0,2,2025-09
62,2025-10-01,Alexandria,Accessories,Mouse,Store,New,Salesperson_01,1,900,5.41,48.72,851.28,500,351.28,0,1,2025-10
1236,2025-10-01,Tanta,Accessories,Keyboard,Website,New,Salesperson_12,3,1800,11.84,639.14,4760.86,3300,1460.86,0,2,2025-10
1401,2025-10-01,Alexandria,Computers,Laptop,Website,New,Salesperson_13,3,28000,10.9,9158.92,74841.08,69000,5841.08,0,2,2025-10
1416,2025-10-01,Cairo,Accessories,Keyboard,Store,Returning,Salesperson_03,4,1800,12.92,930.25,6269.75,4400,1869.75,0,4,2025-10
44,2025-10-02,Mansoura,Accessories,Mouse,Store,Corporate,Salesperson_10,1,900,10.79,97.12,802.88,500,302.88,0,2,2025-10
385,2025-10-02,Cairo,Computers,Monitor,Store,Corporate,Salesperson_02,2,8500,11.16,1896.52,15103.48,12400,2703.48,0,4,2025-10
406,2025-10-02,Mansoura,Computers,Monitor,Store,Returning,Salesperson_08,3,8500,9.38,2391.98,23108.02,18600,4508.02,0,4,2025-10
427,2025-10-02,Alexandria,Accessories,Headset,Store,Returning,Salesperson_10,3,2200,9.36,617.69,5982.31,3900,2082.31,0,3,2025-10
581,2025-10-02,Mansoura,Accessories,Keyboard,Phone,New,Salesperson_06,1,1800,16.55,297.95,1502.05,1100,402.05,0,4,2025-10
666,2025-10-02,Cairo,Accessories,Keyboard,Store,Returning,Salesperson_04,1,1800,7.3,131.48,1668.52,1100,568.52,0,4,2025-10
879,2025-10-02,Alexandria,Computers,Monitor,Website,New,Salesperson_08,2,8500,5.96,1013.98,15986.02,12400,3586.02,0,2,2025-10
883,2025-10-02,Alexandria,Computers,Monitor,Website,Returning,Salesperson_06,1,8500,14.51,1233.71,7266.29,6200,1066.29,0,5,2025-10
924,2025-10-02,Mansoura,Accessories,Headset,Store,Corporate,Salesperson_08,1,2200,17.06,375.29,1824.71,1300,524.71,0,3,2025-10
1007,2025-10-02,Alexandria,Accessories,Keyboard,Store,Returning,Salesperson_10,3,1800,8.69,469.02,4930.98,3300,1630.98,0,3,2025-10
1226,2025-10-02,Tanta,Accessories,Mouse,Website,Corporate,Salesperson_14,1,900,19.6,176.39,723.61,500,223.61,0,3,2025-10
1272,2025-10-02,Ismailia,Components,SSD,Store,Corporate,Salesperson_06,2,3200,10.27,657.48,5742.52,4400,1342.52,0,2,2025-10
1274,2025-10-02,Cairo,Accessories,Mouse,Store,New,Salesperson_02,3,900,6.27,169.21,2530.79,1500,1030.79,0,3,2025-10
1334,2025-10-02,Alexandria,Computers,Monitor,Store,Corporate,Salesperson_12,2,8500,16.26,2764.27,14235.73,12400,1835.73,0,3,2025-10
349,2025-10-03,Alexandria,Computers,Monitor,Store,Returning,Salesperson_07,1,8500,4.0,340.08,8159.92,6200,1959.92,0,1,2025-10
837,2025-10-03,Alexandria,Accessories,Webcam,Store,New,Salesperson_14,1,2500,14.77,369.18,2130.82,1600,530.82,0,4,2025-10
1203,2025-10-03,Tanta,Accessories,Headset,Website,Returning,Salesperson_15,3,2200,11.62,767.13,5832.87,3900,1932.87,0,2,2025-10
1254,2025-10-03,Ismailia,Computers,Laptop,Store,New,Salesperson_06,1,28000,4.6,1286.84,26713.16,23000,3713.16,0,1,2025-10
657,2025-10-04,Ismailia,Accessories,Headset,Website,Returning,Salesperson_04,1,2200,7.52,165.34,2034.66,1300,734.66,0,4,2025-10
923,2025-10-04,Cairo,Accessories,Keyboard,Phone,New,Salesperson_08,2,1800,9.21,331.69,3268.31,2200,1068.31,0,6,2025-10
341,2025-10-05,Alexandria,Computers,Monitor,Website,Returning,Salesperson_12,1,8500,10.24,870.0,7630.0,6200,1430.0,0,6,2025-10
479,2025-10-05,Cairo,Components,SSD,Website,New,Salesperson_07,1,3200,20.45,654.38,2545.62,2200,345.62,0,6,2025-10
530,2025-10-05,Mansoura,Computers,Monitor,Phone,New,Salesperson_11,3,8500,0.41,105.65,25394.35,18600,6794.35,0,2,2025-10
566,2025-10-05,Tanta,Accessories,Keyboard,Store,Corporate,Salesperson_04,1,1800,9.73,175.21,1624.79,1100,524.79,0,1,2025-10
920,2025-10-05,Mansoura,Accessories,Headset,Website,New,Salesperson_10,2,2200,6.34,278.8,4121.2,2600,1521.2,0,3,2025-10
1095,2025-10-05,Mansoura,Computers,Monitor,Website,New,Salesperson_15,3,8500,9.42,2402.8,0.0,18600,0.0,1,2,2025-10
409,2025-10-06,Alexandria,Accessories,Mouse,Store,Returning,Salesperson_14,1,900,8.0,71.96,828.04,500,328.04,0,1,2025-10
488,2025-10-06,Cairo,Computers,Laptop,Phone,New,Salesperson_02,1,28000,15.21,4258.85,23741.15,23000,741.15,0,2,2025-10
742,2025-10-06,Cairo,Accessories,Webcam,Store,Corporate,Salesperson_11,2,2500,16.09,804.69,4195.31,3200,995.31,0,3,2025-10
773,2025-10-06,Cairo,Accessories,Keyboard,Store,Corporate,Salesperson_01,1,1800,12.45,224.15,1575.85,1100,475.85,0,3,2025-10
1279,2025-10-06,Tanta,Accessories,Mouse,Store,Corporate,Salesperson_04,1,900,6.95,62.59,837.41,500,337.41,0,1,2025-10
293,2025-10-07,Ismailia,Accessories,Webcam,Website,New,Salesperson_04,1,2500,9.17,229.16,2270.84,1600,670.84,0,3,2025-10
696,2025-10-07,Cairo,Computers,Laptop,Website,Corporate,Salesperson_10,1,28000,17.45,4885.17,23114.83,23000,114.83,0,4,2025-10
858,2025-10-07,Mansoura,Printers,Printer,Phone,New,Salesperson_15,2,7500,5.46,819.64,14180.36,11200,2980.36,0,1,2025-10
1432,2025-10-07,Alexandria,Computers,Laptop,Store,New,Salesperson_04,1,28000,11.49,3217.83,24782.17,23000,1782.17,0,3,2025-10
561,2025-10-08,Ismailia,Accessories,Keyboard,Store,Returning,Salesperson_02,4,1800,4.11,295.78,6904.22,4400,2504.22,0,5,2025-10
1010,2025-10-08,Ismailia,Accessories,Keyboard,Website,Returning,Salesperson_08,2,1800,12.72,457.91,3142.09,2200,942.09,0,6,2025-10
1026,2025-10-08,Cairo,Accessories,Keyboard,Store,Corporate,Salesperson_12,1,1800,9.14,164.54,1635.46,1100,535.46,0,2,2025-10
1466,2025-10-08,Cairo,Computers,Monitor,Website,New,Salesperson_15,1,8500,17.22,1463.9,7036.1,6200,836.1,0,1,2025-10
429,2025-10-09,Tanta,Accessories,Webcam,Store,New,Salesperson_11,2,2500,0.0,0.0,5000.0,3200,1800.0,0,2,2025-10
493,2025-10-09,Tanta,Accessories,Keyboard,Store,Returning,Salesperson_04,3,1800,8.54,461.18,4938.82,3300,1638.82,0,1,2025-10
774,2025-10-09,Cairo,Accessories,Keyboard,Store,Returning,Salesperson_12,2,1800,13.54,487.55,3112.45,2200,912.45,0,2,2025-10
900,2025-10-09,Ismailia,Accessories,Headset,Phone,New,Salesperson_07,1,2200,11.19,246.18,1953.82,1300,653.82,0,4,2025-10
1361,2025-10-09,Cairo,Accessories,Mouse,Website,Returning,Salesperson_10,1,900,11.87,106.79,793.21,500,293.21,0,3,2025-10
23,2025-10-10,Alexandria,Accessories,Keyboard,Website,Returning,Salesperson_01,3,1800,9.48,511.99,4888.01,3300,1588.01,0,2,2025-10
306,2025-10-10,Alexandria,Accessories,Mouse,Store,New,Salesperson_05,3,900,5.33,143.85,2556.15,1500,1056.15,0,4,2025-10
679,2025-10-10,Tanta,Accessories,Mouse,Store,New,Salesperson_15,5,900,10.58,475.96,4024.04,2500,1524.04,0,1,2025-10
693,2025-10-10,Ismailia,Accessories,Headset,Phone,Corporate,Salesperson_06,4,2200,9.83,864.7,7935.3,5200,2735.3,0,2,2025-10
611,2025-10-11,Mansoura,Accessories,Mouse,Website,New,Salesperson_09,4,900,4.64,167.12,3432.88,2000,1432.88,0,4,2025-10
1330,2025-10-11,Cairo,Computers,Monitor,Phone,Returning,Salesperson_02,1,8500,12.58,1069.65,7430.35,6200,1230.35,0,3,2025-10
179,2025-10-12,Mansoura,Computers,Laptop,Website,New,Salesperson_05,4,28000,4.72,5281.48,106718.52,92000,14718.52,0,2,2025-10
444,2025-10-12,Alexandria,Computers,Laptop,Website,New,Salesperson_03,1,28000,7.93,2220.6,25779.4,23000,2779.4,0,2,2025-10
586,2025-10-12,Cairo,Computers,Monitor,Website,New,Salesperson_12,1,8500,14.72,1251.27,7248.73,6200,1048.73,0,3,2025-10
662,2025-10-12,Tanta,Accessories,Keyboard,Website,Corporate,Salesperson_15,3,1800,7.67,414.36,4985.64,3300,1685.64,0,2,2025-10
719,2025-10-12,Alexandria,Computers,Monitor,Store,Returning,Salesperson_04,2,8500,7.12,1210.82,15789.18,12400,3389.18,0,2,2025-10
12,2025-10-13,Tanta,Accessories,Keyboard,Store,New,Salesperson_13,4,1800,11.4,820.78,0.0,4400,0.0,1,1,2025-10
84,2025-10-13,Mansoura,Accessories,Mouse,Store,Returning,Salesperson_03,2,900,1.86,33.5,1766.5,1000,766.5,0,6,2025-10
351,2025-10-13,Tanta,Printers,Printer,Store,Returning,Salesperson_09,1,7500,8.57,642.38,6857.62,5600,1257.62,0,1,2025-10
564,2025-10-13,Tanta,Accessories,Headset,Website,Returning,Salesperson_02,1,2200,12.33,271.16,1928.84,1300,628.84,0,2,2025-10
836,2025-10-13,Tanta,Accessories,Headset,Store,New,Salesperson_08,1,2200,4.67,102.72,2097.28,1300,797.28,0,2,2025-10
1253,2025-10-13,Cairo,Accessories,Webcam,Website,Returning,Salesperson_14,2,2500,13.38,669.12,4330.88,3200,1130.88,0,5,2025-10
164,2025-10-14,Cairo,Printers,Printer,Website,New,Salesperson_09,5,7500,12.59,4723.0,32777.0,28000,4777.0,0,2,2025-10
994,2025-10-14,Alexandria,Accessories,Mouse,Website,New,Salesperson_06,3,900,6.49,175.15,2524.85,1500,1024.85,0,2,2025-10
1343,2025-10-14,Mansoura,Accessories,Webcam,Website,Corporate,Salesperson_07,2,2500,12.8,640.11,4359.89,3200,1159.89,0,1,2025-10
127,2025-10-15,Alexandria,Accessories,Mouse,Website,New,Salesperson_13,5,900,9.65,434.34,4065.66,2500,1565.66,0,3,2025-10
400,2025-10-15,Tanta,Accessories,Webcam,Website,Returning,Salesperson_09,1,2500,0.89,22.26,2477.74,1600,877.74,0,4,2025-10
162,2025-10-16,Tanta,Accessories,Keyboard,Website,Returning,Salesperson_08,1,1800,0.0,0.0,1800.0,1100,700.0,0,2,2025-10
207,2025-10-16,Cairo,Accessories,Headset,Store,Returning,Salesperson_07,1,2200,11.63,255.93,1944.07,1300,644.07,0,3,2025-10
710,2025-10-16,Tanta,Computers,Laptop,Store,Returning,Salesperson_05,1,28000,9.4,2632.84,25367.16,23000,2367.16,0,1,2025-10
918,2025-10-16,Alexandria,Components,SSD,Website,New,Salesperson_10,3,3200,7.86,754.21,8845.79,6600,2245.79,0,2,2025-10
599,2025-10-17,Ismailia,Accessories,Headset,Website,Returning,Salesperson_07,1,2200,12.11,266.45,1933.55,1300,633.55,0,4,2025-10
833,2025-10-17,Ismailia,Computers,Laptop,Website,New,Salesperson_06,1,28000,5.02,1404.29,26595.71,23000,3595.71,0,1,2025-10
971,2025-10-17,Cairo,Computers,Monitor,Store,Returning,Salesperson_11,2,8500,11.45,1946.96,15053.04,12400,2653.04,0,2,2025-10
1128,2025-10-17,Tanta,Computers,Laptop,Website,New,Salesperson_04,1,28000,6.59,1845.55,26154.45,23000,3154.45,0,2,2025-10
1346,2025-10-17,Mansoura,Accessories,Headset,Phone,New,Salesperson_15,2,2200,6.21,273.41,4126.59,2600,1526.59,0,2,2025-10
142,2025-10-18,Cairo,Computers,Laptop,Website,Returning,Salesperson_05,2,28000,3.0,1682.03,54317.97,46000,8317.97,0,1,2025-10
329,2025-10-18,Cairo,Computers,Laptop,Phone,Returning,Salesperson_05,1,28000,10.64,2979.34,0.0,23000,0.0,1,3,2025-10
461,2025-10-18,Mansoura,Computers,Laptop,Phone,New,Salesperson_11,1,28000,14.84,4155.01,23844.99,23000,844.99,0,2,2025-10
791,2025-10-18,Mansoura,Accessories,Webcam,Phone,New,Salesperson_08,2,2500,12.26,613.08,4386.92,3200,1186.92,0,2,2025-10
1039,2025-10-18,Cairo,Computers,Monitor,Phone,Returning,Salesperson_03,1,8500,14.35,1220.13,7279.87,6200,1079.87,0,4,2025-10
1003,2025-10-19,Alexandria,Accessories,Headset,Website,Corporate,Salesperson_09,5,2200,17.16,1887.19,9112.81,6500,2612.81,0,2,2025-10
1492,2025-10-19,Ismailia,Components,SSD,Phone,New,Salesperson_01,2,3200,6.84,437.94,5962.06,4400,1562.06,0,6,2025-10
104,2025-10-20,Mansoura,Computers,Laptop,Store,Corporate,Salesperson_04,4,28000,21.24,23787.56,88212.44,92000,-3787.56,0,1,2025-10
254,2025-10-20,Cairo,Accessories,Keyboard,Phone,Returning,Salesperson_12,1,1800,4.73,85.21,1714.79,1100,614.79,0,2,2025-10
624,2025-10-20,Tanta,Accessories,Keyboard,Store,Returning,Salesperson_09,4,1800,8.76,631.01,6568.99,4400,2168.99,0,2,2025-10
855,2025-10-20,Ismailia,Accessories,Mouse,Website,New,Salesperson_07,2,900,7.87,141.68,1658.32,1000,658.32,0,4,2025-10
1094,2025-10-20,Alexandria,Components,SSD,Website,Returning,Salesperson_02,1,3200,6.79,217.17,2982.83,2200,782.83,0,2,2025-10
502,2025-10-21,Mansoura,Computers,Laptop,Store,Returning,Salesperson_03,1,28000,8.15,2283.12,25716.88,23000,2716.88,0,4,2025-10
572,2025-10-21,Mansoura,Printers,Printer,Store,Corporate,Salesperson_15,1,7500,11.63,872.31,6627.69,5600,1027.69,0,4,2025-10
1220,2025-10-21,Alexandria,Components,SSD,Website,Returning,Salesperson_06,1,3200,7.74,247.8,2952.2,2200,752.2,0,3,2025-10
1277,2025-10-21,Tanta,Printers,Printer,Store,Corporate,Salesperson_02,1,7500,11.66,874.63,6625.37,5600,1025.37,0,2,2025-10
320,2025-10-22,Ismailia,Printers,Printer,Store,New,Salesperson_06,2,7500,14.31,2146.82,12853.18,11200,1653.18,0,1,2025-10
683,2025-10-22,Mansoura,Computers,Monitor,Store,Returning,Salesperson_07,1,8500,5.32,451.87,8048.13,6200,1848.13,0,4,2025-10
1374,2025-10-22,Mansoura,Accessories,Headset,Website,Returning,Salesperson_06,1,2200,11.01,242.18,1957.82,1300,657.82,0,4,2025-10
1410,2025-10-22,Alexandria,Computers,Laptop,Website,New,Salesperson_08,2,28000,8.75,4898.64,51101.36,46000,5101.36,0,4,2025-10
79,2025-10-23,Mansoura,Components,SSD,Store,New,Salesperson_06,1,3200,9.68,309.61,2890.39,2200,690.39,0,2,2025-10
1160,2025-10-23,Alexandria,Accessories,Headset,Website,Returning,Salesperson_10,2,2200,8.43,370.87,4029.13,2600,1429.13,0,4,2025-10
1348,2025-10-23,Mansoura,Components,SSD,Store,Returning,Salesperson_10,2,3200,7.16,458.26,5941.74,4400,1541.74,0,3,2025-10
783,2025-10-24,Tanta,Computers,Laptop,Store,Returning,Salesperson_07,1,28000,3.5,981.09,27018.91,23000,4018.91,0,3,2025-10
956,2025-10-24,Cairo,Accessories,Mouse,Website,Returning,Salesperson_05,2,900,23.3,419.34,1380.66,1000,380.66,0,3,2025-10
1100,2025-10-24,Tanta,Accessories,Keyboard,Phone,Returning,Salesperson_02,2,1800,5.24,188.55,3411.45,2200,1211.45,0,4,2025-10
1456,2025-10-24,Mansoura,Computers,Monitor,Website,New,Salesperson_02,1,8500,14.6,1240.68,7259.32,6200,1059.32,0,1,2025-10
242,2025-10-25,Ismailia,Accessories,Headset,Phone,New,Salesperson_02,2,2200,13.79,606.66,3793.34,2600,1193.34,0,2,2025-10
458,2025-10-25,Cairo,Printers,Printer,Store,Returning,Salesperson_03,1,7500,6.24,468.36,7031.64,5600,1431.64,0,1,2025-10
503,2025-10-26,Alexandria,Components,SSD,Website,Returning,Salesperson_04,3,3200,8.98,861.8,8738.2,6600,2138.2,0,4,2025-10
1086,2025-10-26,Tanta,Computers,Monitor,Store,Returning,Salesperson_04,1,8500,0.97,82.87,8417.13,6200,2217.13,0,1,2025-10
1359,2025-10-26,Cairo,Accessories,Keyboard,Website,New,Salesperson_06,5,1800,10.87,978.34,8021.66,5500,2521.66,0,2,2025-10
1366,2025-10-26,Cairo,Computers,Monitor,Website,Returning,Salesperson_12,2,8500,15.98,2716.96,14283.04,12400,1883.04,0,4,2025-10
1421,2025-10-26,Tanta,Accessories,Keyboard,Store,Returning,Salesperson_07,2,1800,10.09,363.23,3236.77,2200,1036.77,0,2,2025-10
933,2025-10-27,Mansoura,Accessories,Keyboard,Website,Returning,Salesperson_03,1,1800,7.26,130.62,1669.38,1100,569.38,0,2,2025-10
102,2025-10-29,Alexandria,Printers,Printer,Store,Returning,Salesperson_05,2,7500,6.22,932.7,14067.3,11200,2867.3,0,4,2025-10
182,2025-10-29,Ismailia,Computers,Monitor,Store,Returning,Salesperson_07,2,8500,2.2,374.1,16625.9,12400,4225.9,0,1,2025-10
463,2025-10-29,Tanta,Printers,Printer,Website,Returning,Salesperson_09,2,7500,8.56,1283.92,13716.08,11200,2516.08,0,2,2025-10
870,2025-10-30,Alexandria,Components,SSD,Store,Returning,Salesperson_12,1,3200,11.92,381.52,2818.48,2200,618.48,0,3,2025-10
981,2025-10-30,Cairo,Accessories,Mouse,Phone,Returning,Salesperson_03,2,900,12.24,220.32,1579.68,1000,579.68,0,2,2025-10
1000,2025-10-30,Tanta,Accessories,Mouse,Phone,New,Salesperson_07,1,900,8.95,80.58,819.42,500,319.42,0,1,2025-10
20,2025-10-31,Mansoura,Components,SSD,Store,Corporate,Salesperson_09,3,3200,15.42,1479.94,8120.06,6600,1520.06,0,5,2025-10
111,2025-10-31,Mansoura,Printers,Printer,Website,Returning,Salesperson_03,2,7500,6.9,1035.49,13964.51,11200,2764.51,0,4,2025-10
358,2025-10-31,Mansoura,Accessories,Webcam,Store,New,Salesperson_14,4,2500,9.3,929.62,9070.38,6400,2670.38,0,1,2025-10
1237,2025-10-31,Alexandria,Printers,Printer,Website,New,Salesperson_01,1,7500,12.61,945.43,6554.57,5600,954.57,0,1,2025-10
1458,2025-10-31,Mansoura,Accessories,Mouse,Website,New,Salesperson_15,1,900,2.36,21.25,878.75,500,378.75,0,3,2025-10
70,2025-11-01,Tanta,Accessories,Headset,Store,Corporate,Salesperson_06,5,2200,9.97,1096.3,9903.7,6500,3403.7,0,1,2025-11
1193,2025-11-01,Ismailia,Components,SSD,Phone,New,Salesperson_13,2,3200,8.5,543.99,5856.01,4400,1456.01,0,1,2025-11
1477,2025-11-01,Cairo,Computers,Monitor,Website,Corporate,Salesperson_14,1,8500,13.82,1174.48,7325.52,6200,1125.52,0,5,2025-11
115,2025-11-02,Tanta,Accessories,Headset,Website,Returning,Salesperson_03,2,2200,6.98,307.28,4092.72,2600,1492.72,0,2,2025-11
200,2025-11-03,Cairo,Computers,Monitor,Store,New,Salesperson_14,2,8500,6.73,1143.5,15856.5,12400,3456.5,0,1,2025-11
1486,2025-11-03,Mansoura,Accessories,Mouse,Phone,New,Salesperson_02,2,900,10.03,180.6,1619.4,1000,619.4,0,1,2025-11
18,2025-11-04,Tanta,Accessories,Keyboard,Website,Returning,Salesperson_07,2,1800,6.15,221.39,3378.61,2200,1178.61,0,4,2025-11
644,2025-11-04,Cairo,Accessories,Keyboard,Phone,Returning,Salesperson_06,1,1800,7.35,132.28,1667.72,1100,567.72,0,1,2025-11
1228,2025-11-04,Ismailia,Accessories,Headset,Website,New,Salesperson_03,2,2200,11.07,487.1,3912.9,2600,1312.9,0,1,2025-11
484,2025-11-05,Mansoura,Printers,Printer,Store,Returning,Salesperson_06,1,7500,12.66,949.54,6550.46,5600,950.46,0,2,2025-11
577,2025-11-05,Tanta,Computers,Monitor,Website,Corporate,Salesperson_10,2,8500,17.58,2988.57,14011.43,12400,1611.43,0,3,2025-11
812,2025-11-05,Alexandria,Accessories,Mouse,Store,New,Salesperson_08,1,900,6.21,55.9,844.1,500,344.1,0,1,2025-11
842,2025-11-05,Cairo,Accessories,Keyboard,Phone,Returning,Salesperson_02,2,1800,4.99,179.79,0.0,2200,0.0,1,1,2025-11
846,2025-11-05,Alexandria,Accessories,Keyboard,Website,Returning,Salesperson_01,4,1800,9.52,685.14,6514.86,4400,2114.86,0,2,2025-11
1185,2025-11-05,Cairo,Printers,Printer,Phone,Corporate,Salesperson_07,1,7500,13.32,998.65,6501.35,5600,901.35,0,2,2025-11
184,2025-11-06,Mansoura,Computers,Laptop,Website,New,Salesperson_08,3,28000,10.22,8588.55,75411.45,69000,6411.45,0,1,2025-11
257,2025-11-06,Cairo,Components,SSD,Store,New,Salesperson_14,1,3200,10.66,341.24,2858.76,2200,658.76,0,2,2025-11
604,2025-11-06,Tanta,Components,SSD,Store,New,Salesperson_11,2,3200,12.14,776.65,5623.35,4400,1223.35,0,1,2025-11
51,2025-11-07,Tanta,Printers,Printer,Phone,Corporate,Salesperson_14,2,7500,10.2,1529.96,13470.04,11200,2270.04,0,3,2025-11
97,2025-11-07,Ismailia,Computers,Laptop,Phone,Returning,Salesperson_08,2,28000,11.22,6282.76,49717.24,46000,3717.24,0,4,2025-11
1145,2025-11-07,Mansoura,Computers,Monitor,Website,Returning,Salesperson_13,2,8500,11.76,1998.41,15001.59,12400,2601.59,0,4,2025-11
497,2025-11-08,Cairo,Accessories,Webcam,Store,Returning,Salesperson_05,2,2500,18.24,911.94,4088.06,3200,888.06,0,2,2025-11
608,2025-11-08,Cairo,Computers,Monitor,Website,New,Salesperson_06,1,8500,17.38,1477.07,7022.93,6200,822.93,0,4,2025-11
1499,2025-11-08,Mansoura,Computers,Laptop,Website,Returning,Salesperson_02,5,28000,13.2,18479.52,121520.48,115000,6520.48,0,5,2025-11
229,2025-11-09,Cairo,Accessories,Keyboard,Website,Returning,Salesperson_10,1,1800,10.38,186.9,1613.1,1100,513.1,0,4,2025-11
1068,2025-11-09,Ismailia,Printers,Printer,Website,Returning,Salesperson_06,1,7500,15.24,1142.65,0.0,5600,0.0,1,2,2025-11
1122,2025-11-09,Alexandria,Accessories,Mouse,Store,New,Salesperson_05,3,900,10.15,274.04,2425.96,1500,925.96,0,2,2025-11
194,2025-11-10,Tanta,Computers,Laptop,Website,New,Salesperson_01,1,28000,10.73,3003.91,24996.09,23000,1996.09,0,2,2025-11
543,2025-11-10,Ismailia,Printers,Printer,Website,Returning,Salesperson_01,1,7500,12.05,903.82,6596.18,5600,996.18,0,3,2025-11
811,2025-11-10,Alexandria,Accessories,Webcam,Store,Corporate,Salesperson_14,4,2500,15.33,1533.26,8466.74,6400,2066.74,0,1,2025-11
383,2025-11-11,Ismailia,Accessories,Mouse,Website,New,Salesperson_04,2,900,4.85,87.34,1712.66,1000,712.66,0,2,2025-11
1196,2025-11-11,Ismailia,Accessories,Keyboard,Website,Returning,Salesperson_09,3,1800,5.14,277.67,5122.33,3300,1822.33,0,3,2025-11
1405,2025-11-11,Ismailia,Computers,Laptop,Phone,Returning,Salesperson_07,1,28000,11.39,3190.36,24809.64,23000,1809.64,0,5,2025-11
191,2025-11-12,Cairo,Accessories,Keyboard,Phone,Returning,Salesperson_15,1,1800,14.05,252.82,1547.18,1100,447.18,0,1,2025-11
636,2025-11-12,Tanta,Computers,Monitor,Store,New,Salesperson_13,2,8500,13.18,2240.05,14759.95,12400,2359.95,0,2,2025-11
739,2025-11-12,Alexandria,Printers,Printer,Store,Corporate,Salesperson_03,1,7500,14.65,1098.77,6401.23,5600,801.23,0,2,2025-11
1027,2025-11-12,Cairo,Accessories,Webcam,Store,Corporate,Salesperson_10,3,2500,14.4,1080.26,6419.74,4800,1619.74,0,3,2025-11
1213,2025-11-12,Ismailia,Accessories,Keyboard,Website,New,Salesperson_06,1,1800,11.96,215.31,1584.69,1100,484.69,0,2,2025-11
448,2025-11-13,Alexandria,Components,SSD,Website,New,Salesperson_03,1,3200,9.79,313.31,2886.69,2200,686.69,0,3,2025-11
735,2025-11-13,Mansoura,Accessories,Headset,Store,Returning,Salesperson_01,2,2200,8.67,381.6,4018.4,2600,1418.4,0,4,2025-11
819,2025-11-13,Cairo,Accessories,Webcam,Website,Returning,Salesperson_13,3,2500,5.18,388.59,7111.41,4800,2311.41,0,6,2025-11
1090,2025-11-13,Alexandria,Accessories,Mouse,Website,New,Salesperson_12,2,900,10.8,194.46,1605.54,1000,605.54,0,3,2025-11
1446,2025-11-13,Cairo,Accessories,Headset,Store,Returning,Salesperson_03,2,2200,9.43,414.72,3985.28,2600,1385.28,0,4,2025-11
300,2025-11-14,Ismailia,Accessories,Headset,Store,Corporate,Salesperson_13,3,2200,14.0,923.92,5676.08,3900,1776.08,0,3,2025-11
620,2025-11-14,Alexandria,Accessories,Mouse,Store,Returning,Salesperson_03,1,900,10.82,97.37,802.63,500,302.63,0,3,2025-11
747,2025-11-14,Alexandria,Components,SSD,Store,Corporate,Salesperson_13,1,3200,14.81,473.93,2726.07,2200,526.07,0,4,2025-11
1014,2025-11-14,Cairo,Accessories,Headset,Store,New,Salesperson_15,2,2200,10.7,470.85,3929.15,2600,1329.15,0,2,2025-11
1468,2025-11-14,Alexandria,Accessories,Webcam,Store,Returning,Salesperson_05,1,2500,11.17,279.13,2220.87,1600,620.87,0,1,2025-11
85,2025-11-15,Cairo,Accessories,Keyboard,Store,Returning,Salesperson_02,1,1800,10.75,193.58,1606.42,1100,506.42,0,6,2025-11
187,2025-11-15,Cairo,Accessories,Mouse,Website,Corporate,Salesperson_06,4,900,11.9,428.52,3171.48,2000,1171.48,0,6,2025-11
459,2025-11-15,Cairo,Computers,Monitor,Store,Returning,Salesperson_14,5,8500,12.95,5503.97,36996.03,31000,5996.03,0,4,2025-11
579,2025-11-15,Cairo,Accessories,Keyboard,Website,Returning,Salesperson_13,1,1800,9.81,176.61,1623.39,1100,523.39,0,2,2025-11
682,2025-11-15,Alexandria,Printers,Printer,Website,New,Salesperson_13,4,7500,8.91,2673.48,27326.52,22400,4926.52,0,1,2025-11
1408,2025-11-15,Cairo,Accessories,Webcam,Phone,Returning,Salesperson_04,1,2500,6.03,150.66,2349.34,1600,749.34,0,2,2025-11
251,2025-11-16,Alexandria,Computers,Laptop,Store,New,Salesperson_13,3,28000,12.11,10172.14,73827.86,69000,4827.86,0,1,2025-11
1290,2025-11-16,Cairo,Computers,Laptop,Store,New,Salesperson_15,3,28000,6.15,5162.19,0.0,69000,0.0,1,6,2025-11
1434,2025-11-16,Alexandria,Accessories,Mouse,Website,Returning,Salesperson_12,2,900,8.22,147.89,1652.11,1000,652.11,0,2,2025-11
333,2025-11-17,Ismailia,Accessories,Mouse,Store,Returning,Salesperson_04,1,900,11.81,106.29,793.71,500,293.71,0,3,2025-11
367,2025-11-17,Cairo,Accessories,Headset,Phone,Returning,Salesperson_06,1,2200,11.06,243.39,1956.61,1300,656.61,0,3,2025-11
723,2025-11-17,Mansoura,Computers,Laptop,Store,Returning,Salesperson_01,2,28000,4.64,2599.56,53400.44,46000,7400.44,0,4,2025-11
945,2025-11-17,Mansoura,Computers,Laptop,Website,New,Salesperson_15,1,28000,9.75,2730.03,25269.97,23000,2269.97,0,5,2025-11
1179,2025-11-17,Mansoura,Accessories,Mouse,Website,Returning,Salesperson_05,1,900,14.9,134.09,765.91,500,265.91,0,7,2025-11
294,2025-11-18,Cairo,Computers,Laptop,Phone,New,Salesperson_12,2,28000,13.78,7714.06,48285.94,46000,2285.94,0,4,2025-11
26,2025-11-19,Ismailia,Computers,Laptop,Website,Corporate,Salesperson_11,1,28000,17.73,4964.31,23035.69,23000,35.69,0,3,2025-11
377,2025-11-19,Mansoura,Accessories,Headset,Website,New,Salesperson_01,1,2200,11.31,248.74,1951.26,1300,651.26,0,2,2025-11
568,2025-11-19,Alexandria,Computers,Monitor,Phone,Corporate,Salesperson_13,1,8500,13.87,1179.2,0.0,6200,0.0,1,2,2025-11
598,2025-11-19,Alexandria,Accessories,Keyboard,Phone,New,Salesperson_07,1,1800,0.65,11.62,1788.38,1100,688.38,0,1,2025-11
638,2025-11-19,Cairo,Accessories,Mouse,Store,Returning,Salesperson_09,1,900,9.84,88.55,811.45,500,311.45,0,4,2025-11
690,2025-11-19,Ismailia,Accessories,Keyboard,Website,Returning,Salesperson_07,2,1800,14.64,526.9,3073.1,2200,873.1,0,2,2025-11
797,2025-11-19,Alexandria,Computers,Monitor,Phone,Returning,Salesperson_08,3,8500,3.59,916.19,24583.81,18600,5983.81,0,2,2025-11
1202,2025-11-19,Cairo,Accessories,Keyboard,Store,New,Salesperson_07,3,1800,8.22,444.02,4955.98,3300,1655.98,0,3,2025-11
140,2025-11-20,Ismailia,Printers,Printer,Phone,Returning,Salesperson_01,4,7500,6.54,1962.96,28037.04,22400,5637.04,0,3,2025-11
145,2025-11-20,Tanta,Accessories,Keyboard,Store,Returning,Salesperson_03,1,1800,4.05,72.82,1727.18,1100,627.18,0,1,2025-11
235,2025-11-20,Alexandria,Accessories,Mouse,Store,Returning,Salesperson_12,2,900,0.0,0.0,1800.0,1000,800.0,0,2,2025-11
442,2025-11-20,Mansoura,Accessories,Keyboard,Website,New,Salesperson_06,2,1800,8.74,314.62,3285.38,2200,1085.38,0,3,2025-11
665,2025-11-20,Ismailia,Accessories,Headset,Store,New,Salesperson_10,2,2200,9.54,419.56,3980.44,2600,1380.44,0,4,2025-11
1009,2025-11-20,Cairo,Accessories,Headset,Store,Returning,Salesperson_07,1,2200,13.73,301.99,1898.01,1300,598.01,0,1,2025-11
35,2025-11-21,Mansoura,Accessories,Mouse,Phone,Corporate,Salesperson_03,3,900,16.69,450.62,2249.38,1500,749.38,0,3,2025-11
348,2025-11-21,Cairo,Accessories,Headset,Store,New,Salesperson_02,3,2200,7.15,471.61,0.0,3900,0.0,1,3,2025-11
909,2025-11-21,Alexandria,Accessories,Keyboard,Website,Returning,Salesperson_08,3,1800,8.06,435.18,4964.82,3300,1664.82,0,3,2025-11
1341,2025-11-22,Cairo,Accessories,Headset,Store,Returning,Salesperson_09,1,2200,9.05,199.03,2000.97,1300,700.97,0,3,2025-11
372,2025-11-23,Cairo,Computers,Laptop,Store,New,Salesperson_11,2,28000,8.28,4635.58,51364.42,46000,5364.42,0,3,2025-11
613,2025-11-23,Ismailia,Accessories,Mouse,Website,New,Salesperson_10,2,900,8.82,158.73,1641.27,1000,641.27,0,2,2025-11
761,2025-11-23,Mansoura,Computers,Monitor,Store,Corporate,Salesperson_05,1,8500,9.58,814.33,7685.67,6200,1485.67,0,3,2025-11
1312,2025-11-23,Mansoura,Accessories,Headset,Website,New,Salesperson_15,3,2200,15.44,1019.18,0.0,3900,0.0,1,2,2025-11
1333,2025-11-23,Mansoura,Computers,Monitor,Store,Returning,Salesperson_04,1,8500,5.27,447.88,8052.12,6200,1852.12,0,1,2025-11
210,2025-11-24,Cairo,Accessories,Keyboard,Phone,Returning,Salesperson_09,1,1800,8.88,159.8,1640.2,1100,540.2,0,2,2025-11
825,2025-11-24,Alexandria,Accessories,Keyboard,Website,New,Salesperson_10,2,1800,8.64,310.99,3289.01,2200,1089.01,0,5,2025-11
1133,2025-11-24,Alexandria,Accessories,Mouse,Store,New,Salesperson_08,1,900,6.87,61.83,838.17,500,338.17,0,2,2025-11
379,2025-11-25,Cairo,Accessories,Mouse,Store,New,Salesperson_09,2,900,5.85,105.35,1694.65,1000,694.65,0,2,2025-11
56,2025-11-26,Mansoura,Computers,Laptop,Store,Returning,Salesperson_15,1,28000,9.5,2660.66,25339.34,23000,2339.34,0,1,2025-11
77,2025-11-26,Alexandria,Computers,Monitor,Store,New,Salesperson_11,2,8500,6.92,1177.19,15822.81,12400,3422.81,0,2,2025-11
1062,2025-11-26,Alexandria,Accessories,Keyboard,Store,New,Salesperson_15,1,1800,4.6,82.88,1717.12,1100,617.12,0,1,2025-11
159,2025-11-27,Mansoura,Computers,Monitor,Phone,Corporate,Salesperson_04,1,8500,13.46,1144.2,7355.8,6200,1155.8,0,4,2025-11
225,2025-11-27,Ismailia,Accessories,Mouse,Store,New,Salesperson_13,1,900,9.81,88.26,811.74,500,311.74,0,1,2025-11
353,2025-11-27,Alexandria,Computers,Monitor,Store,Returning,Salesperson_01,1,8500,1.93,164.16,8335.84,6200,2135.84,0,3,2025-11
609,2025-11-27,Mansoura,Computers,Monitor,Phone,New,Salesperson_10,1,8500,9.66,821.19,7678.81,6200,1478.81,0,2,2025-11
1048,2025-11-27,Alexandria,Printers,Printer,Store,New,Salesperson_12,2,7500,5.18,777.01,14222.99,11200,3022.99,0,2,2025-11
1057,2025-11-27,Tanta,Accessories,Headset,Phone,Returning,Salesperson_15,1,2200,16.15,355.27,1844.73,1300,544.73,0,3,2025-11
344,2025-11-28,Alexandria,Printers,Printer,Store,Corporate,Salesperson_14,1,7500,9.9,742.15,6757.85,5600,1157.85,0,1,2025-11
702,2025-11-28,Cairo,Computers,Monitor,Website,Returning,Salesperson_08,1,8500,11.22,954.07,7545.93,6200,1345.93,0,1,2025-11
1195,2025-11-28,Cairo,Computers,Laptop,Store,Returning,Salesperson_13,3,28000,11.18,9389.28,74610.72,69000,5610.72,0,2,2025-11
494,2025-11-29,Cairo,Accessories,Keyboard,Phone,Returning,Salesperson_06,2,1800,4.05,145.87,3454.13,2200,1254.13,0,1,2025-11
548,2025-11-29,Alexandria,Computers,Monitor,Store,New,Salesperson_03,1,8500,7.29,619.51,7880.49,6200,1680.49,0,1,2025-11
612,2025-11-29,Mansoura,Accessories,Mouse,Phone,New,Salesperson_15,1,900,10.13,91.2,808.8,500,308.8,0,1,2025-11
928,2025-11-29,Ismailia,Accessories,Keyboard,Store,New,Salesperson_13,2,1800,5.27,189.89,3410.11,2200,1210.11,0,6,2025-11
213,2025-11-30,Mansoura,Computers,Laptop,Phone,Corporate,Salesperson_07,2,28000,15.61,8741.53,47258.47,46000,1258.47,0,3,2025-11
450,2025-11-30,Alexandria,Accessories,Mouse,Website,Corporate,Salesperson_01,2,900,8.95,161.08,1638.92,1000,638.92,0,2,2025-11
476,2025-11-30,Cairo,Accessories,Headset,Website,New,Salesperson_08,4,2200,8.46,744.78,8055.22,5200,2855.22,0,2,2025-11
718,2025-11-30,Ismailia,Computers,Laptop,Phone,Returning,Salesperson_01,3,28000,9.36,7859.34,76140.66,69000,7140.66,0,3,2025-11
851,2025-11-30,Ismailia,Accessories,Keyboard,Store,New,Salesperson_15,3,1800,12.45,672.47,4727.53,3300,1427.53,0,4,2025-11
1030,2025-11-30,Alexandria,Computers,Laptop,Phone,New,Salesperson_01,3,28000,10.07,8457.58,75542.42,69000,6542.42,0,1,2025-11
1455,2025-11-30,Alexandria,Accessories,Headset,Phone,Returning,Salesperson_10,3,2200,11.15,735.84,5864.16,3900,1964.16,0,3,2025-11
600,2025-12-01,Alexandria,Computers,Laptop,Store,Returning,Salesperson_10,2,28000,11.88,6651.79,49348.21,46000,3348.21,0,3,2025-12
789,2025-12-01,Ismailia,Accessories,Mouse,Store,Returning,Salesperson_11,3,900,4.59,123.91,2576.09,1500,1076.09,0,3,2025-12
1083,2025-12-01,Ismailia,Computers,Monitor,Store,Returning,Salesperson_07,3,8500,14.4,3670.83,21829.17,18600,3229.17,0,3,2025-12
435,2025-12-02,Cairo,Computers,Monitor,Store,Returning,Salesperson_10,2,8500,18.18,3090.85,13909.15,12400,1509.15,0,1,2025-12
499,2025-12-02,Mansoura,Accessories,Webcam,Store,Returning,Salesperson_15,1,2500,7.2,179.96,2320.04,1600,720.04,0,3,2025-12
1240,2025-12-02,Mansoura,Printers,Printer,Website,Returning,Salesperson_03,1,7500,8.53,639.46,6860.54,5600,1260.54,0,2,2025-12
174,2025-12-03,Cairo,Printers,Printer,Website,New,Salesperson_14,1,7500,13.12,984.35,6515.65,5600,915.65,0,2,2025-12
285,2025-12-03,Alexandria,Computers,Monitor,Website,Returning,Salesperson_03,1,8500,9.26,787.0,7713.0,6200,1513.0,0,4,2025-12
929,2025-12-03,Cairo,Components,SSD,Store,Corporate,Salesperson_03,1,3200,8.39,268.41,0.0,2200,0.0,1,2,2025-12
1073,2025-12-03,Cairo,Accessories,Keyboard,Store,Returning,Salesperson_15,2,1800,11.08,398.77,3201.23,2200,1001.23,0,4,2025-12
236,2025-12-04,Ismailia,Accessories,Mouse,Website,New,Salesperson_11,1,900,9.38,84.41,815.59,500,315.59,0,2,2025-12
291,2025-12-04,Tanta,Components,SSD,Store,Returning,Salesperson_09,5,3200,8.45,1352.38,14647.62,11000,3647.62,0,1,2025-12
420,2025-12-05,Mansoura,Computers,Monitor,Website,New,Salesperson_03,3,8500,6.18,1576.99,23923.01,18600,5323.01,0,1,2025-12
601,2025-12-05,Tanta,Computers,Monitor,Phone,Returning,Salesperson_09,2,8500,11.93,2028.22,14971.78,12400,2571.78,0,1,2025-12
741,2025-12-05,Ismailia,Printers,Printer,Website,Returning,Salesperson_05,1,7500,4.31,323.45,7176.55,5600,1576.55,0,1,2025-12
1131,2025-12-05,Tanta,Computers,Laptop,Store,Corporate,Salesperson_04,1,28000,13.36,3740.09,24259.91,23000,1259.91,0,3,2025-12
325,2025-12-06,Mansoura,Accessories,Headset,Store,New,Salesperson_15,1,2200,5.75,126.58,2073.42,1300,773.42,0,1,2025-12
361,2025-12-06,Mansoura,Computers,Monitor,Store,New,Salesperson_04,1,8500,8.59,730.16,7769.84,6200,1569.84,0,2,2025-12
431,2025-12-06,Mansoura,Accessories,Keyboard,Website,New,Salesperson_06,1,1800,5.11,91.94,1708.06,1100,608.06,0,2,2025-12
464,2025-12-06,Ismailia,Computers,Laptop,Store,Returning,Salesperson_01,1,28000,5.28,1479.18,26520.82,23000,3520.82,0,1,2025-12
621,2025-12-06,Mansoura,Components,SSD,Store,New,Salesperson_06,4,3200,4.44,567.85,12232.15,8800,3432.15,0,3,2025-12
1483,2025-12-06,Alexandria,Accessories,Mouse,Store,Corporate,Salesperson_09,2,900,11.58,208.47,1591.53,1000,591.53,0,1,2025-12
330,2025-12-07,Alexandria,Accessories,Keyboard,Store,Returning,Salesperson_03,2,1800,4.64,167.19,3432.81,2200,1232.81,0,3,2025-12
389,2025-12-07,Tanta,Computers,Monitor,Website,Returning,Salesperson_14,1,8500,2.16,183.24,8316.76,6200,2116.76,0,2,2025-12
1012,2025-12-07,Ismailia,Components,SSD,Store,New,Salesperson_12,3,3200,8.4,806.37,8793.63,6600,2193.63,0,3,2025-12
1127,2025-12-07,Cairo,Accessories,Mouse,Store,New,Salesperson_02,1,900,12.42,111.75,788.25,500,288.25,0,3,2025-12
90,2025-12-08,Mansoura,Computers,Laptop,Website,Corporate,Salesperson_02,1,28000,13.24,3707.99,24292.01,23000,1292.01,0,2,2025-12
279,2025-12-08,Mansoura,Accessories,Webcam,Store,Returning,Salesperson_14,2,2500,6.99,349.65,4650.35,3200,1450.35,0,4,2025-12
355,2025-12-08,Cairo,Computers,Laptop,Phone,Returning,Salesperson_15,3,28000,7.69,6458.83,0.0,69000,0.0,1,3,2025-12
630,2025-12-08,Cairo,Accessories,Keyboard,Website,Returning,Salesperson_05,1,1800,18.22,327.87,0.0,1100,0.0,1,2,2025-12
906,2025-12-08,Mansoura,Computers,Monitor,Store,Returning,Salesperson_04,1,8500,6.99,594.3,7905.7,6200,1705.7,0,2,2025-12
1023,2025-12-08,Cairo,Components,SSD,Phone,Corporate,Salesperson_04,2,3200,15.44,987.87,5412.13,4400,1012.13,0,6,2025-12
1060,2025-12-08,Ismailia,Accessories,Mouse,Store,Corporate,Salesperson_07,3,900,9.76,263.57,2436.43,1500,936.43,0,2,2025-12
234,2025-12-09,Alexandria,Computers,Monitor,Store,New,Salesperson_07,1,8500,2.95,251.11,8248.89,6200,2048.89,0,1,2025-12
256,2025-12-09,Ismailia,Computers,Monitor,Store,Returning,Salesperson_08,2,8500,12.3,2091.12,14908.88,12400,2508.88,0,1,2025-12
331,2025-12-09,Tanta,Accessories,Webcam,Store,Returning,Salesperson_09,1,2500,12.47,311.85,2188.15,1600,588.15,0,3,2025-12
342,2025-12-09,Cairo,Accessories,Keyboard,Store,Returning,Salesperson_03,1,1800,5.76,103.62,1696.38,1100,596.38,0,2,2025-12
399,2025-12-09,Mansoura,Printers,Printer,Store,New,Salesperson_07,2,7500,2.81,421.49,0.0,11200,0.0,1,1,2025-12
652,2025-12-09,Tanta,Printers,Printer,Phone,Returning,Salesperson_15,3,7500,4.68,1053.8,21446.2,16800,4646.2,0,1,2025-12
671,2025-12-09,Tanta,Computers,Laptop,Phone,New,Salesperson_06,3,28000,5.76,4837.62,79162.38,69000,10162.38,0,4,2025-12
804,2025-12-09,Tanta,Computers,Monitor,Website,Corporate,Salesperson_03,1,8500,10.26,872.19,7627.81,6200,1427.81,0,3,2025-12
993,2025-12-09,Tanta,Computers,Laptop,Website,New,Salesperson_14,2,28000,8.93,5002.57,50997.43,46000,4997.43,0,5,2025-12
141,2025-12-10,Cairo,Accessories,Headset,Store,Returning,Salesperson_01,2,2200,2.42,106.56,4293.44,2600,1693.44,0,5,2025-12
515,2025-12-10,Mansoura,Computers,Laptop,Phone,New,Salesperson_11,1,28000,7.75,2170.15,25829.85,23000,2829.85,0,2,2025-12
1496,2025-12-10,Ismailia,Accessories,Keyboard,Website,Returning,Salesperson_06,2,1800,8.94,321.9,3278.1,2200,1078.1,0,3,2025-12
302,2025-12-11,Alexandria,Components,SSD,Phone,Corporate,Salesperson_11,1,3200,10.32,330.19,2869.81,2200,669.81,0,4,2025-12
966,2025-12-11,Mansoura,Computers,Laptop,Website,Returning,Salesperson_07,1,28000,11.5,3219.29,24780.71,23000,1780.71,0,3,2025-12
1178,2025-12-11,Alexandria,Accessories,Webcam,Website,Corporate,Salesperson_01,1,2500,12.85,321.33,2178.67,1600,578.67,0,3,2025-12
382,2025-12-12,Tanta,Printers,Printer,Store,New,Salesperson_10,2,7500,11.83,1774.92,0.0,11200,0.0,1,1,2025-12
898,2025-12-12,Cairo,Printers,Printer,Phone,New,Salesperson_08,3,7500,11.35,2552.91,19947.09,16800,3147.09,0,5,2025-12
55,2025-12-13,Cairo,Accessories,Headset,Website,Returning,Salesperson_01,4,2200,12.88,1133.47,7666.53,5200,2466.53,0,2,2025-12
1029,2025-12-13,Mansoura,Computers,Laptop,Phone,New,Salesperson_02,1,28000,8.41,2355.41,25644.59,23000,2644.59,0,3,2025-12
319,2025-12-14,Ismailia,Computers,Laptop,Store,New,Salesperson_14,2,28000,13.74,7695.38,48304.62,46000,2304.62,0,1,2025-12
391,2025-12-14,Cairo,Accessories,Headset,Website,Returning,Salesperson_03,2,2200,9.12,401.24,3998.76,2600,1398.76,0,3,2025-12
694,2025-12-14,Tanta,Components,SSD,Store,Corporate,Salesperson_09,1,3200,11.9,380.74,2819.26,2200,619.26,0,2,2025-12
764,2025-12-14,Tanta,Computers,Monitor,Website,Returning,Salesperson_14,1,8500,13.05,1109.61,7390.39,6200,1190.39,0,5,2025-12
988,2025-12-14,Ismailia,Accessories,Webcam,Website,Returning,Salesperson_15,2,2500,7.69,384.47,4615.53,3200,1415.53,0,4,2025-12
1052,2025-12-14,Tanta,Computers,Monitor,Store,Returning,Salesperson_11,2,8500,13.84,2352.6,14647.4,12400,2247.4,0,1,2025-12
1395,2025-12-14,Alexandria,Accessories,Keyboard,Phone,Returning,Salesperson_13,3,1800,7.92,427.67,4972.33,3300,1672.33,0,1,2025-12
86,2025-12-15,Alexandria,Accessories,Mouse,Store,New,Salesperson_03,2,900,1.17,20.99,1779.01,1000,779.01,0,4,2025-12
575,2025-12-15,Mansoura,Printers,Printer,Website,New,Salesperson_05,3,7500,6.91,1554.49,20945.51,16800,4145.51,0,1,2025-12
974,2025-12-15,Cairo,Components,SSD,Phone,Corporate,Salesperson_08,3,3200,9.22,885.59,8714.41,6600,2114.41,0,2,2025-12
60,2025-12-16,Cairo,Accessories,Keyboard,Store,Corporate,Salesperson_14,1,1800,15.21,273.83,1526.17,1100,426.17,0,4,2025-12
1125,2025-12-17,Alexandria,Computers,Monitor,Phone,Returning,Salesperson_09,1,8500,4.42,376.06,8123.94,6200,1923.94,0,4,2025-12
1485,2025-12-17,Ismailia,Accessories,Headset,Phone,New,Salesperson_02,3,2200,5.37,354.16,6245.84,3900,2345.84,0,3,2025-12
270,2025-12-18,Alexandria,Computers,Monitor,Website,Returning,Salesperson_04,4,8500,11.75,3994.75,30005.25,24800,5205.25,0,4,2025-12
470,2025-12-18,Alexandria,Computers,Laptop,Store,Corporate,Salesperson_08,1,28000,13.28,3717.87,24282.13,23000,1282.13,0,5,2025-12
677,2025-12-18,Cairo,Computers,Monitor,Website,Corporate,Salesperson_14,2,8500,15.88,2700.13,14299.87,12400,1899.87,0,4,2025-12
872,2025-12-18,Cairo,Accessories,Keyboard,Store,New,Salesperson_02,2,1800,13.96,502.42,3097.58,2200,897.58,0,2,2025-12
886,2025-12-18,Alexandria,Accessories,Headset,Store,Returning,Salesperson_12,2,2200,7.72,339.79,4060.21,2600,1460.21,0,5,2025-12
1324,2025-12-18,Alexandria,Accessories,Mouse,Website,Returning,Salesperson_02,1,900,14.86,133.71,766.29,500,266.29,0,3,2025-12
511,2025-12-19,Tanta,Computers,Laptop,Website,New,Salesperson_13,1,28000,11.48,3213.35,24786.65,23000,1786.65,0,1,2025-12
555,2025-12-19,Tanta,Components,SSD,Website,Returning,Salesperson_03,1,3200,7.47,239.15,2960.85,2200,760.85,0,1,2025-12
312,2025-12-20,Alexandria,Components,SSD,Website,Returning,Salesperson_10,1,3200,5.8,185.55,3014.45,2200,814.45,0,3,2025-12
501,2025-12-20,Alexandria,Computers,Monitor,Store,New,Salesperson_01,1,8500,11.83,1005.65,7494.35,6200,1294.35,0,3,2025-12
512,2025-12-20,Alexandria,Accessories,Webcam,Phone,New,Salesperson_15,2,2500,8.18,409.1,0.0,3200,0.0,1,3,2025-12
1393,2025-12-20,Cairo,Accessories,Headset,Store,Returning,Salesperson_15,1,2200,7.93,174.49,2025.51,1300,725.51,0,3,2025-12
1465,2025-12-20,Ismailia,Accessories,Keyboard,Phone,Returning,Salesperson_15,1,1800,16.69,300.42,1499.58,1100,399.58,0,2,2025-12
1261,2025-12-21,Tanta,Accessories,Webcam,Store,New,Salesperson_06,1,2500,2.29,57.16,2442.84,1600,842.84,0,2,2025-12
1297,2025-12-21,Mansoura,Accessories,Keyboard,Store,New,Salesperson_11,1,1800,7.55,135.87,1664.13,1100,564.13,0,2,2025-12
1457,2025-12-21,Cairo,Computers,Laptop,Store,Returning,Salesperson_11,3,28000,7.17,6020.64,77979.36,69000,8979.36,0,5,2025-12
78,2025-12-22,Tanta,Printers,Printer,Store,Returning,Salesperson_14,3,7500,5.48,1233.12,21266.88,16800,4466.88,0,2,2025-12
296,2025-12-22,Mansoura,Accessories,Headset,Store,New,Salesperson_04,2,2200,6.69,294.43,4105.57,2600,1505.57,0,1,2025-12
386,2025-12-22,Ismailia,Accessories,Keyboard,Phone,New,Salesperson_09,5,1800,2.82,254.23,8745.77,5500,3245.77,0,1,2025-12
655,2025-12-22,Tanta,Components,SSD,Website,Returning,Salesperson_12,2,3200,11.93,763.84,5636.16,4400,1236.16,0,2,2025-12
973,2025-12-22,Cairo,Accessories,Keyboard,Website,Returning,Salesperson_13,2,1800,11.27,405.88,3194.12,2200,994.12,0,5,2025-12
1315,2025-12-22,Ismailia,Accessories,Headset,Store,New,Salesperson_10,3,2200,5.57,367.79,0.0,3900,0.0,1,2,2025-12
280,2025-12-23,Mansoura,Printers,Printer,Store,New,Salesperson_01,4,7500,5.61,1682.99,28317.01,22400,5917.01,0,4,2025-12
451,2025-12-23,Ismailia,Accessories,Mouse,Store,New,Salesperson_01,3,900,10.04,271.1,2428.9,1500,928.9,0,2,2025-12
700,2025-12-23,Cairo,Accessories,Mouse,Website,New,Salesperson_10,4,900,13.96,502.59,3097.41,2000,1097.41,0,3,2025-12
982,2025-12-23,Tanta,Computers,Monitor,Store,Returning,Salesperson_04,2,8500,5.61,953.74,16046.26,12400,3646.26,0,3,2025-12
1063,2025-12-23,Ismailia,Computers,Monitor,Store,New,Salesperson_02,1,8500,0.0,0.0,8500.0,6200,2300.0,0,3,2025-12
1418,2025-12-23,Cairo,Accessories,Mouse,Phone,New,Salesperson_13,1,900,9.66,86.95,813.05,500,313.05,0,5,2025-12
245,2025-12-24,Alexandria,Accessories,Mouse,Website,Returning,Salesperson_12,2,900,11.06,199.12,1600.88,1000,600.88,0,4,2025-12
365,2025-12-24,Cairo,Computers,Laptop,Website,Returning,Salesperson_15,1,28000,13.69,3834.14,24165.86,23000,1165.86,0,5,2025-12
1351,2025-12-24,Ismailia,Components,SSD,Store,New,Salesperson_09,1,3200,14.46,462.64,2737.36,2200,537.36,0,1,2025-12
626,2025-12-25,Ismailia,Accessories,Keyboard,Phone,Returning,Salesperson_08,4,1800,11.7,842.71,6357.29,4400,1957.29,0,4,2025-12
9,2025-12-26,Cairo,Accessories,Mouse,Store,Corporate,Salesperson_15,3,900,10.76,290.65,2409.35,1500,909.35,0,3,2025-12
1034,2025-12-26,Tanta,Accessories,Webcam,Website,New,Salesperson_09,1,2500,6.15,153.87,2346.13,1600,746.13,0,3,2025-12
1087,2025-12-26,Cairo,Computers,Laptop,Store,Corporate,Salesperson_08,1,28000,13.03,3649.7,24350.3,23000,1350.3,0,3,2025-12
1207,2025-12-26,Mansoura,Computers,Monitor,Store,New,Salesperson_09,1,8500,6.23,529.23,7970.77,6200,1770.77,0,2,2025-12
1276,2025-12-26,Alexandria,Accessories,Keyboard,Website,New,Salesperson_02,1,1800,1.52,27.38,1772.62,1100,672.62,0,2,2025-12
139,2025-12-27,Cairo,Accessories,Headset,Phone,New,Salesperson_09,5,2200,14.52,1597.26,9402.74,6500,2902.74,0,3,2025-12
181,2025-12-28,Ismailia,Printers,Printer,Website,Corporate,Salesperson_05,1,7500,14.48,1086.01,6413.99,5600,813.99,0,2,2025-12
684,2025-12-28,Mansoura,Computers,Laptop,Website,Returning,Salesperson_09,3,28000,6.36,5341.72,78658.28,69000,9658.28,0,3,2025-12
1224,2025-12-28,Tanta,Printers,Printer,Store,Returning,Salesperson_12,1,7500,9.48,711.23,6788.77,5600,1188.77,0,4,2025-12
1216,2025-12-29,Ismailia,Computers,Monitor,Store,New,Salesperson_09,1,8500,6.04,513.65,7986.35,6200,1786.35,0,3,2025-12
144,2025-12-30,Tanta,Computers,Laptop,Store,New,Salesperson_15,2,28000,6.99,3913.98,52086.02,46000,6086.02,0,3,2025-12
205,2025-12-30,Alexandria,Accessories,Keyboard,Website,Returning,Salesperson_05,1,1800,11.68,210.3,1589.7,1100,489.7,0,1,2025-12
315,2025-12-30,Alexandria,Printers,Printer,Website,New,Salesperson_08,3,7500,9.14,2056.39,20443.61,16800,3643.61,0,4,2025-12
231,2025-12-31,Tanta,Computers,Monitor,Phone,Returning,Salesperson_11,1,8500,7.54,641.14,7858.86,6200,1658.86,0,2,2025-12
345,2025-12-31,Tanta,Computers,Monitor,Website,Returning,Salesperson_11,2,8500,4.57,776.38,16223.62,12400,3823.62,0,3,2025-12
740,2025-12-31,Mansoura,Accessories,Keyboard,Store,Corporate,Salesperson_04,2,1800,6.65,239.53,3360.47,2200,1160.47,0,4,2025-12
1078,2025-12-31,Cairo,Accessories,Keyboard,Website,New,Salesperson_14,1,1800,11.4,205.17,1594.83,1100,494.83,0,3,2025-12
